id,title,price,availability,star_rating,category
31a60b47-96cb-4537-ad67-a73094ad8c8d,It's Only the Himalayas,45.17,19,2,Travel
2c963c84-da0d-46e6-8577-26c14decb70c,Full Moon over Noah’s Ark: An Odyssey to Mount Ararat and Beyond,49.43,15,4,Travel
c5aca95e-242a-472c-af0c-8c34e1e50c6c,See America: A Celebration of Our National Parks & Treasured Sites,48.87,14,3,Travel
56648106-aef3-427e-b176-b60c62474659,Vagabonding: An Uncommon Guide to the Art of Long-Term World Travel,36.94,8,2,Travel
cd7dd94b-42d9-4c36-92e3-6d8b21e9b984,Under the Tuscan Sun,37.33,7,3,Travel
5a2e6cec-2d40-4cbe-a16b-2319f94baf65,A Summer In Europe,44.34,7,2,Travel
0fba28f2-7bde-4be0-a027-5db885e52ff2,The Great Railway Bazaar,30.54,6,1,Travel
7b59d79c-bb04-43e8-b60b-b9d548fb28af,A Year in Provence (Provence #1),56.88,6,4,Travel
353ad0c4-89f1-42e6-a810-19d4af1ba3b6,The Road to Little Dribbling: Adventures of an American in Britain (Notes From a Small Island #2),23.21,3,1,Travel
aa5cfbac-0436-479d-923a-3ffc0d1d9b94,Neither Here nor There: Travels in Europe,38.95,3,3,Travel
f14af3a0-f35e-415e-945a-3f5be73efcf1,"1,000 Places to See Before You Die",26.08,1,5,Travel
1cb06ba8-6eb7-4ab3-af8a-44530f3ea77b,Sharp Objects,47.82,20,4,Mystery
adaa11e8-2991-4049-9049-e187001d7f12,"In a Dark, Dark Wood",19.63,18,1,Mystery
be3336c1-3a74-4b6e-8d8d-cd25d39a3cfb,The Past Never Ends,56.5,16,4,Mystery
d320088d-7965-4b8a-818d-97e374325dd2,A Murder in Time,16.64,16,1,Mystery
c7c4ac6a-1c1a-4bf5-8f2f-e5618b21648b,The Murder of Roger Ackroyd (Hercule Poirot #4),44.1,15,4,Mystery
5ae99d20-f65b-418d-a12c-b3c277b77824,The Last Mile (Amos Decker #2),54.21,14,2,Mystery
76b58043-8eb7-4aba-8445-227ef8580233,That Darkness (Gardiner and Renner #1),13.92,14,1,Mystery
fb41f25c-69cc-4fe4-aede-ba1fbd0194aa,Tastes Like Fear (DI Marnie Rome #3),10.69,14,1,Mystery
2bd3733c-098e-456b-8a9a-e0ed907327be,A Time of Torment (Charlie Parker #14),48.35,14,5,Mystery
5a3407ec-1df1-4075-b41f-37d58814cae9,A Study in Scarlet (Sherlock Holmes #1),16.73,14,2,Mystery
8fbd2394-16e4-4722-84f2-3d863e35632d,Poisonous (Max Revere Novels #3),26.8,12,3,Mystery
aecd9dce-1c35-43da-9e21-484564d55330,Murder at the 42nd Street Library (Raymond Ambler #1),54.36,12,4,Mystery
2930211c-1f0a-44f5-af67-b5381ad11f5e,Most Wanted,35.28,12,3,Mystery
3bd49964-2b55-45e3-8f34-6b7b90f7863b,Hide Away (Eve Duncan #20),11.84,12,1,Mystery
8cf7a615-a37c-4051-b4c4-81f55acd02d3,Boar Island (Anna Pigeon #19),59.48,12,3,Mystery
06cb72cc-c33e-4b4d-b20f-77428bad23d7,The Widow,27.26,11,2,Mystery
e219e57f-44cb-4643-8719-324af3f904b0,Playing with Fire,13.71,11,3,Mystery
c714f589-0e08-467b-8254-e17f80aad249,What Happened on Beale Street (Secrets of the South Mysteries #2),25.37,7,5,Mystery
d9385e6b-97ad-45ff-9bdf-fa973c3b51c2,The Bachelor Girl's Guide to Murder (Herringford and Watts Mysteries #1),52.3,7,5,Mystery
30a79222-ef89-429b-b4a5-0cf3080b0171,Delivering the Truth (Quaker Midwife Mystery #1),20.89,7,4,Mystery
44fbc04a-c67e-463d-b7b1-3403022f64fb,The Mysterious Affair at Styles (Hercule Poirot #1),24.8,6,4,Mystery
5d8f7bfe-d4d8-4090-92b9-7a8fab3ed589,In the Woods (Dublin Murder Squad #1),38.38,6,2,Mystery
4cabb14b-26bc-46d7-9a8b-5d6c48f52818,The Silkworm (Cormoran Strike #2),23.05,3,5,Mystery
75f4b22c-a4f0-4069-a27d-be76106279f2,The Exiled,43.45,3,3,Mystery
940dd625-932d-496d-8ac9-90187067b71f,The Cuckoo's Calling (Cormoran Strike #1),19.21,3,1,Mystery
77265c7c-38de-482e-bb9d-d9e693a2ed30,Extreme Prey (Lucas Davenport #26),25.4,3,3,Mystery
1567a0f0-4194-4c2d-967f-9204ea1e65cb,Career of Evil (Cormoran Strike #3),24.72,3,2,Mystery
6d8ffe7f-2d41-453a-9c7d-0fff928dba84,The No. 1 Ladies' Detective Agency (No. 1 Ladies' Detective Agency #1),57.7,1,4,Mystery
4a174192-1377-4059-bdb0-7a5417a52352,The Girl You Lost,12.29,1,5,Mystery
db0c61e7-c674-4be8-a5e1-a3dcdd45f420,The Girl In The Ice (DCI Erika Foster #1),15.85,1,3,Mystery
b9093d3d-dd6a-43e6-acd2-c24e4b01ff04,Blood Defense (Samantha Brinkman #1),20.3,1,3,Mystery
dfd51727-5169-4aec-96a4-6ae5b9c0aa40,1st to Die (Women's Murder Club #1),53.98,1,1,Mystery
43dfede2-6758-4874-8e62-e5fe95b2ccf5,Tipping the Velvet,53.74,20,1,Historical Fiction
a83dce34-d052-429a-99d9-64372102ee8b,Forever and Forever: The Courtship of Henry Longfellow and Fanny Appleton,29.69,16,3,Historical Fiction
fe63cc94-2dbf-4040-a1b5-e8240ded1c74,A Flight of Arrows (The Pathfinders #2),55.53,16,5,Historical Fiction
49878c0b-4058-4446-9db9-b10b8675964a,The House by the Lake,36.95,15,1,Historical Fiction
3fe4bc8b-64e0-45f3-aa40-913c8798bdda,Mrs. Houdini,30.25,15,5,Historical Fiction
409d4b37-9c38-42ca-afe6-21a396419a94,The Marriage of Opposites,28.08,14,4,Historical Fiction
45e5d782-6df8-49d1-b8b5-e59a20824dce,Glory over Everything: Beyond The Kitchen House,45.84,14,3,Historical Fiction
768597e6-f49a-4c6d-8e61-7732ecea8f2f,"Love, Lies and Spies",20.55,12,2,Historical Fiction
218e52a7-850a-4b49-ad49-f13f9b8c48ce,A Paris Apartment,39.01,12,4,Historical Fiction
c98e0cfd-0d29-48cf-909b-5848b7f1bbb7,Lilac Girls,17.28,11,2,Historical Fiction
7ce86998-1011-485d-bd45-46dea9cf0863,The Constant Princess (The Tudor Court #1),16.62,7,3,Historical Fiction
59d964aa-ed94-4275-88ea-600db92e7cec,The Invention of Wings,37.34,6,1,Historical Fiction
270dde6d-885b-463e-a8e2-9b98c50331c5,World Without End (The Pillars of the Earth #2),32.97,5,4,Historical Fiction
ec8a2724-3614-431b-aa87-c0b137faf1bb,The Passion of Dolssa,28.32,4,5,Historical Fiction
46e6e115-6c73-4d8a-87ae-a2352e8ea189,Girl With a Pearl Earring,26.77,4,1,Historical Fiction
c2ce073f-a8bb-4669-ab48-8869c14a504e,Voyager (Outlander #3),21.07,3,5,Historical Fiction
d40d9785-9183-4c7e-b7c1-e2c04248754f,The Red Tent,35.66,3,5,Historical Fiction
1a39029d-4643-48e7-8130-8c5516bb82db,The Last Painting of Sara de Vos,55.55,3,2,Historical Fiction
82dbd6fc-07e1-4427-849f-24074e6dfb7f,The Guernsey Literary and Potato Peel Pie Society,49.53,3,1,Historical Fiction
59ac6749-d2dd-4af4-88bf-1258705bcb32,Girl in the Blue Coat,46.83,3,2,Historical Fiction
7b0f3bf4-1e72-424b-a40f-8dbcbeeebbcf,Between Shades of Gray,20.79,3,5,Historical Fiction
e8500c9e-8038-49e3-9e47-5f2096a6fc8f,While You Were Mine,41.32,1,5,Historical Fiction
c9a15ee3-f091-4a68-83d0-eadc6d86cfae,The Secret Healer,34.56,1,3,Historical Fiction
75d6d5ac-7c52-457a-8dc2-7bfcbbb04486,Starlark,25.83,1,3,Historical Fiction
aea0c005-9acb-4a7f-8de5-4828698b7657,Lost Among the Living,27.7,1,4,Historical Fiction
c2f9a871-d8d4-41e5-b735-5a627bddd80f,A Spy's Devotion (The Regency Spies of London #1),16.97,1,5,Historical Fiction
62014845-f61f-4513-8c99-127e97ec220b,Scott Pilgrim's Precious Little Life (Scott Pilgrim #1),52.29,19,5,Sequential Art
f8a58d53-7c45-4e02-94be-ac7d565ac8e6,Tsubasa: WoRLD CHRoNiCLE 2 (Tsubasa WoRLD CHRoNiCLE #2),16.28,16,1,Sequential Art
2c88a5d0-4325-4d94-ae8a-e108c8c19013,This One Summer,19.49,16,4,Sequential Art
66e318a7-620d-41fb-b27c-4c28a1bf98ed,The Nameless City (The Nameless City #1),38.16,16,4,Sequential Art
8df6a7d6-60d8-483c-a968-db07aab764ec,"Saga, Volume 5 (Saga (Collected Editions) #5)",51.04,16,2,Sequential Art
b956c63c-0fa1-4530-bbd4-75f3e9fa2564,"Rat Queens, Vol. 3: Demons (Rat Queens (Collected Editions) #11-15)",50.4,16,3,Sequential Art
857355e6-b694-43f6-870f-524b1df72045,"Princess Jellyfish 2-in-1 Omnibus, Vol. 01 (Princess Jellyfish 2-in-1 Omnibus #1)",13.61,16,5,Sequential Art
0a1861bf-6e80-4dd1-aacf-cce610d3ad84,"Pop Gun War, Volume 1: Gift",18.97,16,1,Sequential Art
5117634d-f36c-43c2-900c-45e520535392,Patience,10.16,16,3,Sequential Art
b17c8796-c5ba-4ed2-8192-9b460bd41d5b,"Outcast, Vol. 1: A Darkness Surrounds Him (Outcast #1)",15.44,16,4,Sequential Art
012ee5b3-c681-4d89-b944-1aeecff58afb,orange: The Complete Collection 1 (orange: The Complete Collection #1),48.41,16,1,Sequential Art
83bc71f0-76e1-4633-b0cd-177653eb8277,"Lumberjanes, Vol. 2: Friendship to the Max (Lumberjanes #5-8)",46.91,16,2,Sequential Art
98190e1e-a51f-443e-b48f-23ab371a6a5a,"Lumberjanes, Vol. 1: Beware the Kitten Holy (Lumberjanes #1-4)",45.61,16,3,Sequential Art
d30398cd-840d-4040-a824-fee43e1cfa03,Lumberjanes Vol. 3: A Terrible Plan (Lumberjanes #9-12),19.92,16,2,Sequential Art
9862db24-dd69-498e-a65d-d857802a547b,"I Hate Fairyland, Vol. 1: Madly Ever After (I Hate Fairyland (Compilations) #1-5)",29.17,16,2,Sequential Art
45b9fd93-4404-4b6b-bc09-86364cd7062c,I am a Hero Omnibus Volume 1,54.63,16,3,Sequential Art
b4d8e6b8-e655-483d-b2f5-2042fbf3bc28,"Giant Days, Vol. 2 (Giant Days #5-8)",22.11,16,2,Sequential Art
868bc3c6-4363-42bd-805b-2b46c16c869a,Danganronpa Volume 1,51.99,16,4,Sequential Art
87a8c4b6-c2ab-4209-8dd7-6b39759e496a,"Codename Baboushka, Volume 1: The Conclave of Death",36.72,16,4,Sequential Art
0c4b55e7-0858-4ccf-9d73-4e7bba87a04a,Camp Midnight,17.08,16,4,Sequential Art
b6fa411d-65a0-4325-8419-fd4933597e41,"Bitch Planet, Vol. 1: Extraordinary Machine (Bitch Planet (Collected Editions))",37.92,16,2,Sequential Art
a9ceddd3-bcfb-4e67-b9ee-e27869be6667,The Shadow Hero (The Shadow Hero),33.14,15,1,Sequential Art
846b149a-5816-49f4-858b-f98af3629bff,"Fables, Vol. 1: Legends in Exile (Fables #1)",41.62,15,4,Sequential Art
fc68ec00-a825-44c3-97bb-c407f3df9d23,Batman: The Long Halloween (Batman),36.5,15,2,Sequential Art
c9998731-c24c-47f6-8ebf-bd622f150492,Batman: The Dark Knight Returns (Batman),15.38,15,5,Sequential Art
4d163d6d-05fa-423f-a587-89172732e833,"Wonder Woman: Earth One, Volume One (Wonder Woman: Earth One #1)",37.34,14,4,Sequential Art
6c3525e3-f9ba-4a18-af6d-feb76cb32e9e,"We Are Robin, Vol. 1: The Vigilante Business (We Are Robin #1)",53.9,14,1,Sequential Art
cbfa71b7-a209-43d1-958a-3f1a439b6183,Through the Woods,25.38,14,2,Sequential Art
35dbbf2f-92e4-4ec1-a257-f97f3a021b32,Superman Vol. 1: Before Truth (Superman by Gene Luen Yang #1),11.89,14,5,Sequential Art
a4f1c895-75e0-4389-8315-0e89f022aa22,"So Cute It Hurts!!, Vol. 6 (So Cute It Hurts!! #6)",35.43,14,4,Sequential Art
c99db424-bfd3-4502-b0fa-04d754476cd7,Robin War,47.82,14,3,Sequential Art
f17044b1-d534-491e-a06c-cc64f3dd635c,"Red Hood/Arsenal, Vol. 1: Open for Business (Red Hood/Arsenal #1)",25.48,14,2,Sequential Art
6637512b-e08a-4c0f-beb9-fa1667e0aeaa,"Naruto (3-in-1 Edition), Vol. 14: Includes Vols. 40, 41 & 42 (Naruto: Omnibus #14)",38.39,14,2,Sequential Art
1195d58b-f45e-4af4-96b3-bdc57580804b,Lowriders to the Center of the Earth (Lowriders in Space #2),51.51,14,2,Sequential Art
e7072e8f-f880-4356-816f-d4b1f0a25fdb,El Deafo,57.62,14,5,Sequential Art
c7d5f51b-bf8d-4b5c-be94-d98f9502f4fc,Batman: Europa,32.01,14,2,Sequential Art
09572000-eab7-4001-b889-9f8e699fc04e,Art Ops Vol. 1,48.8,14,3,Sequential Art
cf7ed450-201f-4702-9a50-552b56e26d47,"Adulthood Is a Myth: A ""Sarah's Scribbles"" Collection",10.9,14,2,Sequential Art
ca3e0cbe-7ab6-4820-8d25-bc6a44f629ed,"Fruits Basket, Vol. 9 (Fruits Basket #9)",33.95,9,4,Sequential Art
4ccd6661-581f-434f-9305-ca14a7dd74d5,Roller Girl,14.1,8,5,Sequential Art
d246b24d-07bc-4905-9ec2-123f0a4a8028,"Fruits Basket, Vol. 7 (Fruits Basket #7)",19.57,7,1,Sequential Art
61c3500c-2794-457f-a001-8a67e5b485b1,"Fruits Basket, Vol. 6 (Fruits Basket #6)",20.96,6,4,Sequential Art
7335a103-7cb2-49ce-a2a4-42358e2778a9,"Death Note, Vol. 6: Give-and-Take (Death Note #6)",36.39,6,3,Sequential Art
a3cab5b5-72e4-4439-8cc0-9a5b4a729d37,"Fruits Basket, Vol. 5 (Fruits Basket #5)",16.33,5,1,Sequential Art
f9422e79-0589-4890-8f92-91149a2ad107,"Death Note, Vol. 5: Whiteout (Death Note #5)",52.41,5,1,Sequential Art
98182e85-213e-4f00-be48-13be2b64c3ad,"The Demon Prince of Momochi House, Vol. 4 (The Demon Prince of Momochi House #4)",27.88,4,2,Sequential Art
26bbf703-bf9b-4fcc-a9f4-73d48a9ef2b5,"Fruits Basket, Vol. 4 (Fruits Basket #4)",50.44,4,4,Sequential Art
964dc29c-5b22-4de2-aa8c-9dda1db62032,"The Wicked + The Divine, Vol. 3: Commercial Suicide (The Wicked + The Divine)",14.41,3,3,Sequential Art
f4af25c0-cfc7-4398-b7e3-22476f4aab1a,"The Sandman, Vol. 3: Dream Country (The Sandman (volumes) #3)",55.55,3,5,Sequential Art
d641144a-0dd4-4904-a629-51f9c5d97a62,"Saga, Volume 3 (Saga (Collected Editions) #3)",21.57,3,5,Sequential Art
33fef76d-734a-40d0-a628-f5b4e9c12ce5,Prodigy: The Graphic Novel (Legend: The Graphic Novel #2),43.63,3,3,Sequential Art
7bd71a7b-99b0-44fd-888d-0e6bfa1bc21a,Persepolis: The Story of a Childhood (Persepolis #1-2),39.13,3,1,Sequential Art
9d1860a7-d2ea-4e4d-b714-5c50cece9a5e,Original Fake,31.45,3,3,Sequential Art
220c475d-1a73-4790-a869-8206e1831fee,"Grayson, Vol 3: Nemesis (Grayson #3)",42.72,3,1,Sequential Art
5c83c3ec-9bcc-4637-8651-3fe34ac6c043,"Fruits Basket, Vol. 3 (Fruits Basket #3)",45.17,3,2,Sequential Art
28b6fe3d-8818-4c9c-8a85-d67b32bd6438,"Black Butler, Vol. 1 (Black Butler #1)",49.31,3,1,Sequential Art
baf1fff0-13ba-4ad3-b772-368b1269acf8,Awkward,38.02,3,2,Sequential Art
f2c83825-cb50-4a64-9a2c-1d9b56f67ce2,"The Sandman, Vol. 2: The Doll's House (The Sandman (volumes) #2)",54.81,2,1,Sequential Art
0d699687-ae0e-4861-94df-279470017dbb,"Saga, Volume 2 (Saga (Collected Editions) #2)",11.75,2,3,Sequential Art
25fad796-80c7-4bc2-aff3-4a71a35c0759,"Fruits Basket, Vol. 2 (Fruits Basket #2)",11.64,2,5,Sequential Art
44ed7acb-ba6c-44f8-933c-fd6720ca086d,"Y: The Last Man, Vol. 1: Unmanned (Y: The Last Man #1)",18.51,1,4,Sequential Art
49cbb3f4-a7d8-4aae-9dd0-40d83bab7c2d,"The Wicked + The Divine, Vol. 1: The Faust Act (The Wicked + The Divine)",36.52,1,2,Sequential Art
5ea66435-70ba-448a-8e31-d3cab4b5ddac,"The Sandman, Vol. 1: Preludes and Nocturnes (The Sandman (volumes) #1)",54.12,1,3,Sequential Art
62ad5c98-cecf-4493-a5db-da873d351863,The Complete Maus (Maus #1-2),10.64,1,3,Sequential Art
6352a741-1ac6-4a9f-8fff-d04df0f7c32c,"Skip Beat!, Vol. 01 (Skip Beat! #1)",42.12,1,3,Sequential Art
45089a8f-ecbe-4929-9bea-b5cbef690e92,"Saga, Volume 1 (Saga (Collected Editions) #1)",28.48,1,1,Sequential Art
b32793a1-927d-46a2-b376-bb46f24a1618,"Rat Queens, Vol. 1: Sass & Sorcery (Rat Queens (Collected Editions) #1-5)",46.96,1,5,Sequential Art
fe2399eb-f29c-4c32-9b7f-966fc8222bef,"Paper Girls, Vol. 1 (Paper Girls #1-5)",21.71,1,4,Sequential Art
27e27a09-f3cd-4a8d-9bc1-360371bc5578,"Ouran High School Host Club, Vol. 1 (Ouran High School Host Club #1)",29.87,1,3,Sequential Art
d938e233-ba1e-442b-bac2-8379592ca019,"Ms. Marvel, Vol. 1: No Normal (Ms. Marvel (2014-2015) #1)",39.39,1,4,Sequential Art
57836549-a27e-42a6-a86f-c759173ec50b,"Hawkeye, Vol. 1: My Life as a Weapon (Hawkeye #1)",45.24,1,3,Sequential Art
4ad9347b-47b6-48bc-8e9c-effea5388382,"Giant Days, Vol. 1 (Giant Days #1-4)",56.76,1,4,Sequential Art
cdfce57f-69cb-43bd-b71c-64e62fabaf1d,"Fruits Basket, Vol. 1 (Fruits Basket #1)",40.28,1,5,Sequential Art
00cf0bee-d92e-4e8e-8b13-eff229f45e44,"Bleach, Vol. 1: Strawberry and the Soul Reapers (Bleach #1)",34.65,1,5,Sequential Art
e9b0c22a-4655-4a9d-b986-309640e9b996,"Ajin: Demi-Human, Volume 1 (Ajin: Demi-Human #1)",57.06,1,4,Sequential Art
7631e904-8766-4cde-955f-6b77f25f4127,The Secret Garden,15.08,5,4,Classics
cd79943b-6daa-4e02-b421-2425b6d6eade,The Metamorphosis,28.58,5,1,Classics
91ba4bd7-2ef4-406f-962d-0ee917fdc70b,The Pilgrim's Progress,50.26,4,2,Classics
073dfd59-de19-4c4d-8613-18d0c6cb6e29,The Hound of the Baskervilles (Sherlock Holmes #5),14.82,4,2,Classics
62bf9c6f-d3ae-4616-b973-a0b9b9bc10d9,Little Women (Little Women #1),28.07,4,4,Classics
62d1ccae-c3f3-438b-b991-585aad0bbf4c,Gone with the Wind,32.49,4,3,Classics
c132767e-416f-4e6d-af77-85cfdc7a732c,Candide,58.63,4,3,Classics
d56d4a29-4c4c-47dd-8e48-0c11c9bbc9d5,Animal Farm,57.22,4,3,Classics
7bcc07f7-72ba-4fcc-ba02-86a926e2e752,Wuthering Heights,17.73,3,3,Classics
9c1b87c6-b7c0-4d46-afe5-69ca8d77fa76,The Picture of Dorian Gray,29.7,3,2,Classics
994e3191-8a9a-4e5c-9d74-f9913fc17eff,The Complete Stories and Poems (The Works of Edgar Allan Poe [Cameo Edition]),26.78,3,4,Classics
231e7bbd-0bc6-4afc-b256-a065630acb35,Beowulf,38.35,3,2,Classics
f2daf216-290f-4d4b-a4cf-640b3123f39c,And Then There Were None,35.01,3,2,Classics
bebb01f5-78f2-4976-bcfe-69b0f12eefbe,The Story of Hong Gildong,43.19,1,4,Classics
69a62ac2-4d84-4b31-b3c1-85b6a2d385fd,The Little Prince,45.42,1,2,Classics
44f2469b-e3db-41b5-a2fd-970ce9bd6107,Sense and Sensibility,37.46,1,1,Classics
866b7ccd-f0f0-4535-92bb-c05f3af164b3,Of Mice and Men,47.11,1,2,Classics
1dde95e0-2533-4608-9696-e75cf629305b,Emma,32.93,1,2,Classics
3735ad87-377f-43a6-84ba-a3eee98a14f7,Alice in Wonderland (Alice's Adventures in Wonderland #1),55.53,1,1,Classics
d5b6a61e-673d-4f87-a7e4-fb7f549ec2d7,Sophie's World,15.94,18,5,Philosophy
f34dd17b-3b21-4bb4-8a44-baed761ded45,The Death of Humanity: and the Case for Life,58.11,16,4,Philosophy
8e0acdef-7b5d-4525-bfb8-9864be1deba1,The Stranger,17.44,15,4,Philosophy
ce2a915a-5a2b-4553-870b-8d47bb013855,Proofs of God: Classical Arguments from Tertullian to Barth,54.21,8,1,Philosophy
6c417ae7-2426-49b2-98e0-5ef7c202051d,Kierkegaard: A Christian Missionary to Christians,47.13,8,1,Philosophy
8635eb1c-b5a9-4e2a-be4b-af12afef664c,"At The Existentialist Café: Freedom, Being, and apricot cocktails with: Jean-Paul Sartre, Simone de Beauvoir, Albert Camus, Martin Heidegger, Edmund Husserl, Karl Jaspers, Maurice Merleau-Ponty and others",29.93,7,5,Philosophy
fc01cc63-73b0-4646-972c-11343ae46d22,Critique of Pure Reason,20.75,5,1,Philosophy
5f8c36af-84a0-447e-a8a1-b7981a70b1ba,"Run, Spot, Run: The Ethics of Keeping Pets",20.02,2,1,Philosophy
f1dc3d50-a077-401d-8adb-3f16f87173d5,The Nicomachean Ethics,36.34,1,1,Philosophy
4c25196a-21fb-44e4-ae9c-2e980c3afc79,Meditations,25.89,1,2,Philosophy
c268481b-11ec-4903-8846-5d17222773ff,Beyond Good and Evil,43.38,1,1,Philosophy
f5dfc972-f0a0-4aaa-9a82-92bbf2c25f19,Chase Me (Paris Nights #2),25.27,19,5,Romance
beba9d4d-c60d-43ea-8c60-c065283d69d6,Black Dust,34.53,19,5,Romance
1ce8310f-5997-4034-a826-25322217b89f,Her Backup Boyfriend (The Sorensen Family #1),33.97,16,1,Romance
0145c6b5-e383-493e-99be-7abecce4f12d,First and First (Five Boroughs #3),15.97,16,4,Romance
01899fd9-ef39-4718-a2ac-175b175ee28f,Fifty Shades Darker (Fifty Shades #2),21.96,16,1,Romance
ffc4c193-be79-4c1e-8131-1b3d7fdf8441,The Wedding Dress,24.12,15,1,Romance
4e40081e-68e2-45af-a9d6-17b2234948ab,Suddenly in Love (Lake Haven #1),55.99,15,2,Romance
d0378eff-8616-47c1-a6f7-d07094700dc0,Something More Than This,16.24,15,4,Romance
ddd35c84-20a7-49bb-88c1-4fed6be912f0,Doing It Over (Most Likely To #1),35.61,15,3,Romance
d313399f-f00d-4bcd-bcdd-a4885adb4af5,The Wedding Pact (The O'Malleys #2),32.61,14,3,Romance
ff1af276-451e-4c29-a094-37b2dc7afb88,Hold Your Breath (Search and Rescue #1),28.82,14,1,Romance
f2219a78-1241-4755-baa8-d2b1b1836aa3,Dirty (Dive Bar #1),40.83,12,4,Romance
c4df0616-bf71-4b1c-90c7-dc47eaaa90e3,Take Me Home Tonight (Rock Star Romance #3),53.98,11,3,Romance
8dca1669-5414-4fd8-b80c-f306e39e9e03,Off the Hook (Fishing for Trouble #1),47.67,11,3,Romance
be2dc53b-7406-4dd2-8cd2-546164af8739,A Gentleman's Position (Society of Gentlemen #3),14.75,11,5,Romance
68cbf97d-4b06-41d0-8433-44212106ef0a,"Sit, Stay, Love",20.9,7,3,Romance
73f0afe3-63d5-48b0-89d8-ca1a8228d770,A Girl's Guide to Moving On (New Beginnings #2),31.3,5,1,Romance
26f7e2e3-1c83-4405-9823-a26448659396,The Perfect Play (Play by Play #1),59.99,4,3,Romance
a1f9c0b1-2a7a-4c96-8954-7dec55dfa5eb,Dark Lover (Black Dagger Brotherhood #1),12.87,4,1,Romance
e89e59df-9bfe-4b21-8c90-df2deabc633f,Changing the Game (Play by Play #2),13.38,4,3,Romance
b6bf4f58-6e93-46aa-aaa6-7ba0f25337ec,A Walk to Remember,56.43,4,1,Romance
86b034f1-7dc8-4da4-b65a-902dac5cc9eb,The Purest Hook (Second Circle Tattoos #3),12.25,3,1,Romance
cfc3bbee-efc2-4dbd-be1b-540b51e5eb84,The Obsession,45.43,3,1,Romance
76ded90c-fe7c-4523-9d1d-5f34a4509e16,Reservations for Two,11.1,3,3,Romance
5d4541ee-2fd1-4c74-8929-b1f2461275a6,Best of My Love (Fool's Gold #20),27.41,3,2,Romance
81ef8efb-8c66-49d5-aeed-06c9ab83e902,Where Lightning Strikes (Bleeding Stars #3),39.77,1,3,Romance
3995c53e-62bc-454c-88d7-0a823d405a60,This One Moment (Pushing Limits #1),48.71,1,1,Romance
ae7982d4-e9d9-41d1-8e5b-0c227c0e02dc,"Rhythm, Chord & Malykhin",28.34,1,2,Romance
d246699b-30df-4d73-9acb-944091382d57,My Perfect Mistake (Over the Top #1),38.92,1,2,Romance
ddb932f9-9cc3-4c4d-a546-e232288a22fd,Listen to Me (Fusion #1),58.99,1,3,Romance
6cc7ac51-927a-41ec-969f-97b94f080000,Imperfect Harmony,34.74,1,4,Romance
b0d3a904-7d2c-4d0e-8e8d-7d3412e15c1d,Fighting Fate (Fighting #6),39.24,1,3,Romance
391b34be-ce3d-465a-bca5-154f1888f2eb,Deep Under (Walker Security #1),47.09,1,5,Romance
62a80078-1674-4245-ac7c-f8a40756246e,Charity's Cross (Charles Towne Belles #4),41.24,1,1,Romance
512c0486-457e-42e8-8893-147e3d330622,Bounty (Colorado Mountain #7),37.26,1,4,Romance
cbcaeb13-486a-4a0c-adf7-8f7f22489065,I Had a Nice Time And Other Lies...: How to find love & sh*t like that,57.36,15,4,Womens Fiction
e14013b4-bdf7-46fc-bf37-f29a7114880a,Will You Won't You Want Me?,13.86,12,3,Womens Fiction
b99ca2ac-709c-43ce-9004-da16d02f7df7,Keep Me Posted,20.46,11,4,Womens Fiction
b05ebebb-f1db-4c0f-a23b-32b620e8b639,Grey (Fifty Shades #4),48.49,11,4,Womens Fiction
280a3ea8-32b8-4e43-a54d-4b62d48047ca,Meternity,43.58,7,3,Womens Fiction
84949e00-18ef-425d-b24c-4aeab463f41c,Some Women,13.73,4,5,Womens Fiction
5629ef99-3da5-44c2-92c5-7545e3e09bb6,Shopaholic Ties the Knot (Shopaholic #3),48.39,4,5,Womens Fiction
222acfd9-2821-4740-9377-078ce17008cf,Can You Keep a Secret?,21.94,4,1,Womens Fiction
39d7fb8e-c231-477e-a9b1-0efc2175af7f,Twenties Girl,42.8,3,2,Womens Fiction
a6e865c7-226a-4bd3-bfa2-b80e88874cb1,The Undomestic Goddess,45.75,3,4,Womens Fiction
26445b24-36cf-42e1-8c50-a24f69d79bc4,The Nanny Diaries (Nanny #1),52.53,3,5,Womens Fiction
246fbd1c-0bd8-4919-86c0-10022cae35df,The Devil Wears Prada (The Devil Wears Prada #1),44.29,3,1,Womens Fiction
383f18c3-383f-4cc4-bb24-279feefcae8e,Something Borrowed (Darcy & Rachel #1),48.96,3,5,Womens Fiction
6f4d6d2a-a8fb-4251-b265-b5721fe052cd,Something Blue (Darcy & Rachel #2),54.62,3,1,Womens Fiction
07676b5e-8766-4bf6-93c1-df58bd939e34,I've Got Your Number,19.69,3,1,Womens Fiction
8330478b-3843-463f-821e-57fd744183a1,The Edge of Reason (Bridget Jones #2),19.18,1,4,Womens Fiction
c44ce550-042c-4d99-9324-070759bccdba,Bridget Jones's Diary (Bridget Jones #1),29.82,1,1,Womens Fiction
e3f95ae9-29a8-423a-94a2-b69db6cda089,Soumission,50.1,20,1,Fiction
3150e65d-3087-4eb1-8c12-43107257f510,Private Paris (Private #10),47.61,17,5,Fiction
fb7567ab-a4ae-4d9c-be3b-c5160fa14f21,"We Love You, Charlie Freeman",50.27,16,5,Fiction
48456c10-7b17-4616-bfc3-aee8061ae049,Thirst,17.27,16,5,Fiction
1db89de7-7b14-4665-be46-92ca3c3e3ffc,The Murder That Never Was (Forensic Instincts #5),54.11,16,3,Fiction
5f4a2cf5-cb59-46a5-aaf5-0c49dbe35262,Tuesday Nights in 1980,21.04,15,2,Fiction
ad2f04ac-cd1d-456a-a2bc-c8c123bba3eb,The Vacationers,42.15,15,4,Fiction
85b299b3-7258-40ec-9acc-99964980164b,The Regional Office Is Under Attack!,51.36,15,5,Fiction
a24622a0-2a6e-484b-9bfe-50e05688876c,Finders Keepers (Bill Hodges Trilogy #2),53.53,15,5,Fiction
c77e1afa-e260-4b16-9b76-65e0f8da1042,The Time Keeper,27.88,14,5,Fiction
d8974fbe-2a8d-420d-a0d5-cb3ce8fbf56b,The Testament of Mary,52.67,14,4,Fiction
10b04bea-74c0-446c-97b1-92956115d6a7,The First Hostage (J.B. Collins #2),25.85,14,3,Fiction
899d5ba3-1cdd-44a9-a824-33dd8fec6f22,Take Me with You,45.21,14,3,Fiction
9b45cd1f-571a-462f-ba3a-8d995523a0b0,Still Life with Bread Crumbs,26.41,14,3,Fiction
90b85d61-f816-4436-ba6e-d7d28f31d106,Shtum,55.84,14,4,Fiction
a4f32612-8077-48c4-9e25-fa494da08c8a,My Name Is Lucy Barton,41.56,14,1,Fiction
8f02b36e-1d58-4d62-9d51-671859d4166b,My Mrs. Brown,24.48,14,3,Fiction
c03743df-20ee-4946-a4c2-a77fdd5776a6,Mr. Mercedes (Bill Hodges Trilogy #1),28.9,14,1,Fiction
25c8e7dc-edf4-4056-bd6e-cac6cf0a00a4,I Am Pilgrim (Pilgrim #1),10.6,14,4,Fiction
7d869b97-806d-4e4c-a290-c386471f36f7,Eligible (The Austen Project #4),27.09,14,3,Fiction
414e6208-1098-410e-9b7f-9d3a661134a8,Eight Hundred Grapes,14.39,14,4,Fiction
1950bdef-73fc-44dd-b590-f316dbff12d7,Dear Mr. Knightley,11.21,14,5,Fiction
5fa870f4-de75-4923-ac28-6e6a9ccb80c3,Cometh the Hour (The Clifton Chronicles #6),25.01,14,3,Fiction
9f6d5b8e-f88d-4016-9f4b-b1b4a6d2db7b,Balloon Animals,17.03,14,3,Fiction
1bf6f8cb-24c1-43d1-bce9-6d5a84fd8041,A Man Called Ove,39.72,14,1,Fiction
6e0a41de-5655-4696-872e-e83d2bc02706,The Silent Sister (Riley MacPherson #1),46.29,12,5,Fiction
243ab5a6-0c50-430f-97fa-8b66dc914580,The Dinner Party,56.54,12,2,Fiction
e065aa0b-9a3d-484e-a687-310962375ee6,The Improbability of Love,59.45,11,1,Fiction
602d82f5-4cb8-4add-bf1b-11b5158dadb5,Mothering Sunday,13.34,11,2,Fiction
4357b735-e50e-4ade-8725-ae2c4b8553e1,Lies and Other Acts of Love,45.14,11,1,Fiction
21dbc488-17e8-4b12-9794-fa64a2fe78ad,Daredevils,16.34,11,3,Fiction
b4e960c9-b1c5-4b49-899a-a4fc4a60acc3,11/22/63,48.48,11,3,Fiction
d3e0a7ec-7d20-4f04-8574-891a1c46f19e,The Shack,28.03,9,1,Fiction
b08edde4-57b2-418d-b3a2-72446ab17372,The High Mountains of Portugal,51.15,8,1,Fiction
1a987af3-6016-463d-9a69-b830dd8b9ed4,Miller's Valley,58.54,8,2,Fiction
8ae56290-9852-4d94-b08b-15847a572a0b,Hystopia: A Novel,21.96,8,4,Fiction
19a23091-f19e-4380-bcc8-2245ad9bc69b,The Bourne Identity (Jason Bourne #1),42.78,7,4,Fiction
7392209a-05ef-4051-b352-08b897a7dfa0,Sister Dear,40.2,7,4,Fiction
f0e109ec-289d-4f15-a9f4-25e1b67bd52a,Memoirs of a Geisha,49.67,7,3,Fiction
60b7c91c-24bf-4919-b7ac-d0209354ad56,Me Before You (Me Before You #1),19.02,6,1,Fiction
83d575c3-9c08-4c7c-aebc-0ee2b1e144e1,Deception Point,40.32,6,4,Fiction
75a0fcfa-c20c-425e-a689-701539de0ff1,The Little Paris Bookshop,24.73,5,3,Fiction
0dc2e7f7-990b-4ddc-96ad-6d3c397dd7ff,The Firm,45.56,5,3,Fiction
eac23f14-f060-4e8a-9aab-87e79b03ef3d,The Expatriates,44.58,5,2,Fiction
a0c3d964-e774-49ce-a643-ea2b7bc58d8e,Siddhartha,34.22,5,5,Fiction
a7a7a263-1134-4a3d-bec9-026b44e1fcbf,Last One Home (New Beginnings #1),59.98,5,3,Fiction
f683b21a-ee6f-4fca-9b70-f75eb78f0f64,Digital Fortress,58.0,5,5,Fiction
d3cd0d27-a34f-4bb2-8ffc-c45c19c3d309,Atlas Shrugged,26.58,4,5,Fiction
a70c84e8-0e72-4501-a292-abe79fe7e51c,Three-Martini Lunch,23.21,3,3,Fiction
88b5432b-e304-4fc8-a169-d5dd6708194b,The Nightingale,26.26,3,4,Fiction
e00395a0-c92c-4b71-8d55-8dd92c24199b,The Infinities,27.41,3,1,Fiction
ba3dfddb-7b20-4640-9fbd-35c7fa0a092c,The Husband's Secret,52.51,3,5,Fiction
99b037a7-adbe-4347-9947-9e752555bd42,The Da Vinci Code (Robert Langdon #2),22.96,3,2,Fiction
4d05618f-5276-4b26-be06-cbd8899964fc,The Art of Fielding,22.1,3,1,Fiction
09838f1a-6374-4f51-bab6-22b45544a6f5,Lila (Gilead #3),12.47,3,3,Fiction
c753114b-d584-4cec-802a-cdd49d1eb0b1,Jurassic Park (Jurassic Park #1),44.97,3,1,Fiction
a38d56cc-dd61-4082-815d-451c0ce5090d,Inferno (Robert Langdon #4),41.0,3,5,Fiction
0d8bfe9c-a4a5-43ea-9b5e-3a167cc9b833,Crazy Rich Asians (Crazy Rich Asians #1),49.13,3,5,Fiction
d4bc9dc6-0630-44ee-ae13-e5890dceb80e,Big Little Lies,22.11,3,1,Fiction
05653531-c9f0-4c1a-a77d-fe24bf3516c3,The Course of Love,16.78,2,3,Fiction
05d907fa-87ad-4819-af89-6dd67e0d6041,When I'm Gone,51.96,1,3,Fiction
a39b1e74-6d0b-48af-805f-df360471388f,The Silent Wife,12.34,1,5,Fiction
679e7348-6a97-4d45-9132-9305466c45a5,The Bette Davis Club,30.66,1,3,Fiction
8fa22ab2-e740-438b-bb15-9ca69008b18d,Kitchens of the Great Midwest,57.2,1,5,Fiction
58444cbb-a26a-42c8-9c1d-5f836e3a28f7,Bright Lines,39.07,1,5,Fiction
039b378b-334d-4313-a2e8-9a79f5b6c65d,Birdsong: A Story in Pictures,54.64,19,3,Childrens
7e055652-b5c6-42be-996c-c79c22f715dd,The Bear and the Piano,36.89,18,1,Childrens
a22ef99b-67d1-4244-ade8-2ddcd4982d25,The Secret of Dreadwillow Carse,56.13,16,1,Childrens
7c7d2674-ecc2-4055-a4b7-0672549e691d,The White Cat and the Monk: A Retelling of the Poem “Pangur Bán”,58.08,15,4,Childrens
dfb2e2d9-769f-433a-8e59-46bd36e2ddbd,Little Red,13.47,15,3,Childrens
4d4afa46-535a-4812-8269-d9bb647b0c6b,Walt Disney's Alice in Wonderland,12.96,14,5,Childrens
4d887f6a-6fed-4cdf-8f02-396c61d48f9f,Twenty Yawns,22.08,14,2,Childrens
e27ed6fe-a696-4d55-a31f-0c519f6cbae5,Rain Fish,23.57,14,3,Childrens
0fdcddff-0562-461c-9ced-394443b17d78,Once Was a Time,18.28,14,2,Childrens
d95fa404-f2dd-41f2-bbd7-7d3e9dfcf0b9,Luis Paints the World,53.95,14,3,Childrens
9e2a5854-0884-42b9-a482-95981afcd197,Nap-a-Roo,25.08,9,1,Childrens
e9040057-c3a7-406a-a967-28561b17cfec,The Whale,35.96,7,4,Childrens
1606dfec-a7b9-4875-b442-1d8280695438,"Shrunken Treasures: Literary Classics, Short, Sweet, and Silly",52.87,7,3,Childrens
d3284305-a8d3-423f-9fe2-520c24189b5f,Raymie Nightingale,34.41,7,2,Childrens
d61b0bd6-f5dc-470b-a4a4-615aeb2e1fb5,Playing from the Heart,32.38,7,1,Childrens
dc6315a6-519e-4676-bdc8-3879b46f1a25,Maybe Something Beautiful: How Art Transformed a Neighborhood,22.54,5,1,Childrens
f2233ab2-0114-4362-96a1-24dac3ffb205,The Wild Robot,56.07,3,3,Childrens
70f3ce7d-3ad2-4d63-90bd-c86d47f90075,The Thing About Jellyfish,48.77,3,1,Childrens
c0166331-ac5b-4a32-b0c6-1f8fd8980856,The Lonely Ones,43.59,3,5,Childrens
fa4f0f10-264c-4f30-9f9d-440f8b07ad43,The Day the Crayons Came Home (Crayons),26.33,3,5,Childrens
58b90188-c108-46a0-8565-ffef255fe86d,The Cat in the Hat (Beginner Books B-1),16.26,3,2,Childrens
c6ce994e-3a4c-49b7-91a7-a4f674183ef5,Red: The True Story of Red Riding Hood,28.54,3,3,Childrens
8d696b0e-6f4d-485b-85f4-382a69bea6eb,Horrible Bear!,37.52,3,2,Childrens
b5c57f77-c363-4ee2-8847-5fa0153b8a14,Green Eggs and Ham (Beginner Books B-16),10.79,3,4,Childrens
60206979-4502-4eaf-bc15-a7c08b8541a2,Counting Thyme,10.62,3,1,Childrens
296633e5-4096-4854-909d-de706e947f28,Are We There Yet?,10.66,3,3,Childrens
dadda44e-1ee0-432d-aded-0ea2b8d66693,Diary of a Minecraft Zombie Book 1: A Scare of a Dare (An Unofficial Minecraft Book),52.88,2,4,Childrens
8f6d3777-38f9-445c-9474-6460d03413cb,Matilda,28.34,1,1,Childrens
3b9218de-6ec7-4324-9cc4-f6ed741adf71,Charlie and the Chocolate Factory (Charlie Bucket #1),22.85,1,3,Childrens
4f9c001a-b31b-4580-837f-9e7e075400e9,"Don't Be a Jerk: And Other Practical Advice from Dogen, Japan's Greatest Zen Master",37.97,16,2,Religion
79247041-1091-479c-a5a0-4d5e6835c97a,You Are What You Love: The Spiritual Power of Habit,21.87,15,4,Religion
38995652-35d6-4315-922d-a5abaf5390ea,God: The Most Unpleasant Character in All Fiction,30.03,14,5,Religion
46dd4f9c-03da-43b1-8d4f-d427a0a5ed04,The Book of Mormon,24.57,9,3,Religion
28f18073-eb19-42c4-868e-8fa96a8ae647,"A History of God: The 4,000-Year Quest of Judaism, Christianity, and Islam",27.62,4,1,Religion
9dbfeff1-a6f4-440e-9db5-5a87f2795a9f,The Bhagavad Gita,57.49,1,3,Religion
ad0a4d7d-ba28-4535-ab00-16219a17660a,Choosing Our Religion: The Spiritual Lives of America's Nones,28.42,1,4,Religion
50007e73-e377-42d7-91ab-e90782bbceeb,Worlds Elsewhere: Journeys Around Shakespeare’s Globe,40.3,18,5,Nonfiction
bcf56927-e2bf-462b-8871-a23bd99cc474,The Five Love Languages: How to Express Heartfelt Commitment to Your Mate,31.05,18,3,Nonfiction
da69cb6b-a6a9-43c5-9861-17e16ee6277a,Reasons to Stay Alive,26.41,17,2,Nonfiction
cd821912-b445-4879-bf84-6e3476c722ba,#HigherSelfie: Wake Up Your Life. Free Your Soul. Find Your Tribe.,23.11,17,5,Nonfiction
0ace33d5-47fa-4a54-9999-7483b4fa521d,"Unseen City: The Majesty of Pigeons, the Discreet Charm of Snails & Other Wonders of the Urban Wilderness",44.18,16,4,Nonfiction
b45d1a88-3662-4215-afeb-b22ba2fc9f72,Throwing Rocks at the Google Bus: How Growth Became the Enemy of Prosperity,31.12,16,3,Nonfiction
ddf12c25-4d07-4217-ab49-cf5e593fdc0f,The Life-Changing Magic of Tidying Up: The Japanese Art of Decluttering and Organizing,16.77,16,3,Nonfiction
d95340e7-a261-491c-aeda-667be28cc603,The Gutsy Girl: Escapades for Your Life of Epic Adventure,37.13,16,1,Nonfiction
3bb23522-90b9-4374-81e6-af3039688ebe,The Electric Pencil: Drawings from Inside State Hospital No. 3,56.06,16,1,Nonfiction
ff4b361f-bafc-4e1a-a2ff-d0a222b8f6d7,Spark Joy: An Illustrated Master Class on the Art of Organizing and Tidying Up,41.83,16,4,Nonfiction
6cf9701d-6e55-4d7c-b66b-e3d481448b5b,Reskilling America: Learning to Labor in the Twenty-First Century,19.83,16,2,Nonfiction
44bbe25a-3e82-440a-a287-b630fbf98570,In the Country We Love: My Family Divided,22.0,16,4,Nonfiction
72788b16-42e7-4b3a-a124-242e65ab2795,Everydata: The Misinformation Hidden in the Little Data You Consume Every Day,54.35,16,2,Nonfiction
8199577f-519b-4bdb-9c27-03231cf96179,Call the Nurse: True Stories of a Country Nurse on a Scottish Isle,29.14,16,5,Nonfiction
f489ee4b-0bdf-4595-87c8-b87d27f6feff,Algorithms to Live By: The Computer Science of Human Decisions,30.81,16,1,Nonfiction
37271bb6-5d55-4e27-b556-0f2f10bff35b,The Power of Now: A Guide to Spiritual Enlightenment,43.54,15,2,Nonfiction
0d7be476-3b02-42ea-b66b-0d6b6d01cf84,The Omnivore's Dilemma: A Natural History of Four Meals,38.21,15,2,Nonfiction
db35d0cb-033b-4a47-bc81-963d18a0562a,The Genius of Birds,17.24,15,1,Nonfiction
893394e3-6c90-4c2b-a3c9-211b9af363ed,The Artist's Way: A Spiritual Path to Higher Creativity,38.49,15,5,Nonfiction
021717fc-c64e-42c2-b457-617d3dbe8276,So You've Been Publicly Shamed,12.23,15,2,Nonfiction
3d93d649-acf1-4819-9181-02138ed1ad3d,"Daring Greatly: How the Courage to Be Vulnerable Transforms the Way We Live, Love, Parent, and Lead",19.43,15,3,Nonfiction
1ca75354-8060-4af6-abb1-8e1e99db4f04,Big Magic: Creative Living Beyond Fear,30.8,15,3,Nonfiction
63490ab3-df41-4e7e-8c0a-5e79f315dcf2,Becoming Wise: An Inquiry into the Mystery and Art of Living,27.43,15,2,Nonfiction
d8e8fd88-5d32-419c-8755-de4e3f9b4f85,Agnostic: A Spirited Manifesto,12.51,15,5,Nonfiction
50ce5112-c74a-4ae6-8772-0afcc655d331,Whole Lotta Creativity Going On: 60 Fun and Unusual Exercises to Awaken and Strengthen Your Creativity,38.2,14,4,Nonfiction
982a87f2-672a-4876-892c-94e0c9147a36,What's It Like in Space?: Stories from Astronauts Who've Been There,19.6,14,2,Nonfiction
6f458101-9b5f-4911-9bc1-1215a38468d1,The Year of Magical Thinking,43.04,14,2,Nonfiction
82ae112c-ea21-43ab-a3f8-14bbae3098f9,The Literature Book (Big Ideas Simply Explained),17.43,14,3,Nonfiction
230ae64e-d4b6-4a6f-99c5-285b06fa12dd,The Bad-Ass Librarians of Timbuktu: And Their Race to Save the World’s Most Precious Manuscripts,15.77,14,1,Nonfiction
bac04f43-398c-43c9-866a-185ac606675b,Swell: A Year of Waves,45.58,14,1,Nonfiction
6a645ba0-8f05-4193-a291-aefaff265310,No Dream Is Too High: Life Lessons From a Man Who Walked on the Moon,21.95,14,2,Nonfiction
26dc3df7-5e62-4a11-b0b5-4708225a4587,Looking for Lovely: Collecting the Moments that Matter,29.14,14,5,Nonfiction
9ec8d313-7fd9-45a0-bc5d-c7babc2844af,Let It Out: A Journey Through Journaling,26.79,14,5,Nonfiction
f5649fd8-3656-467a-8b79-f8c7fe8e82a4,Hamilton: The Revolution,58.79,14,3,Nonfiction
a3fbf039-b9e1-4220-bf39-58fb0b5d4cd5,"Far & Away: Places on the Brink of Change: Seven Continents, Twenty-Five Years",15.06,14,4,Nonfiction
07c7e988-ebaa-4b1f-8c88-8500bcd5bd02,"Eaternity: More than 150 Deliciously Easy Vegan Recipes for a Long, Healthy, Satisfied, Joyful Life",51.75,14,5,Nonfiction
43c9d1e3-72a2-4558-81b4-c1b9cd674746,Buying In: The Secret Dialogue Between What We Buy and Who We Are,37.8,14,4,Nonfiction
5cb247c3-00b1-4211-8dc1-973441a1f56e,Brain on Fire: My Month of Madness,49.32,14,5,Nonfiction
8692e8c6-4f82-41cb-9dd6-e0ef9cd38b97,Abstract City,56.37,14,5,Nonfiction
b95e8449-8ef5-41ff-bd85-43789349a8b0,13 Hours: The Inside Account of What Really Happened In Benghazi,27.06,13,1,Nonfiction
91263c4f-117c-4cce-9d56-9ace718f3a23,The Lonely City: Adventures in the Art of Being Alone,33.26,12,2,Nonfiction
a877008a-d440-48dc-a7a1-c04bd8d158cf,The Diary of a Young Girl,59.9,12,3,Nonfiction
39c71f44-ce43-4a65-b774-ac3ab9f58574,Snatched: How A Drug Queen Went Undercover for the DEA and Was Kidnapped By Colombian Guerillas,21.21,12,3,Nonfiction
f1ebe269-d1a7-4c40-a4b9-4a1d1d2ff492,Furiously Happy: A Funny Book About Horrible Things,41.46,12,4,Nonfiction
a7ca685f-67c5-44f0-8779-b3da25b9a01b,"The Sleep Revolution: Transforming Your Life, One Night at a Time",11.68,11,4,Nonfiction
7a8e4185-34c9-49f6-aef9-0a3ef8324690,"Mother, Can You Not?",16.89,11,5,Nonfiction
e663c9b2-c543-4587-86cb-3d2520b3ec0d,A Mother's Reckoning: Living in the Aftermath of Tragedy,19.53,11,3,Nonfiction
b16e8dfc-dc12-4d10-93e0-6314c29edefc,"10% Happier: How I Tamed the Voice in My Head, Reduced Stress Without Losing My Edge, and Found Self-Help That Actually Works",24.57,10,2,Nonfiction
a1192cf4-b8a0-4293-b655-d1b955abf0b0,Chernobyl 01:23:40: The Incredible True Story of the World's Worst Nuclear Disaster,35.92,9,2,Nonfiction
ac902441-2417-497a-b45a-cc38efeed6fb,"Zero to One: Notes on Startups, or How to Build the Future",34.06,8,3,Nonfiction
8eaac05b-2b21-44df-ae83-4ed13a0eba24,Why Not Me?,17.76,8,1,Nonfiction
d631c36d-0291-496b-8960-96d0f9b2a8c4,When Breath Becomes Air,39.36,8,2,Nonfiction
f09dca65-5d62-4b37-a0e5-d9caca818073,"The Midnight Assassin: Panic, Scandal, and the Hunt for America's First Serial Killer",28.45,8,4,Nonfiction
c67d56cb-c966-4920-88f3-07448bb104ff,Smarter Faster Better: The Secrets of Being Productive in Life and Business,38.89,8,5,Nonfiction
feb5f7c3-81ce-48db-bf4e-4f6e945e8ed4,Rising Strong,21.82,8,3,Nonfiction
ccf5e570-e8b2-4fc9-8e25-49dd4339d8a0,Man's Search for Meaning,29.48,8,3,Nonfiction
368c9ff1-3bc4-4828-aad0-52e53a6328ff,"Love That Boy: What Two Presidents, Eight Road Trips, and My Son Taught Me About a Parent's Expectations",25.06,8,2,Nonfiction
63096e9d-2ca1-4cd6-841b-2fa2f9056c61,Living Forward: A Proven Plan to Stop Drifting and Get the Life You Want,12.55,8,3,Nonfiction
f5983716-5206-4683-b87a-350862762786,I Will Find You,44.21,8,1,Nonfiction
4742c8cb-e5dd-48b6-862b-967c55d43d13,Brazen: The Courage to Find the You That's Been Hiding,19.22,8,2,Nonfiction
bca68762-7a41-44eb-b487-78814ec24af5,Between the World and Me,56.91,8,4,Nonfiction
eefab146-a5b6-47f5-b597-f000eb707b6a,Being Mortal: Medicine and What Matters in the End,55.06,8,4,Nonfiction
7381731b-7bb0-4f92-921f-7e45076d265b,"A Murder Over a Girl: Justice, Gender, Junior High",13.2,8,3,Nonfiction
a6ce869b-376e-44f1-abf5-d6b03d6b6226,For the Love: Fighting for Grace in a World of Impossible Standards,45.13,7,3,Nonfiction
29883715-25cd-43d8-87f2-51ec40728279,Finding God in the Ruins: How God Redeems Pain,46.64,7,2,Nonfiction
be228c01-dea6-4ef4-919d-f3200e7dbace,The Man Who Mistook His Wife for a Hat and Other Clinical Tales,59.45,6,4,Nonfiction
ff838b45-5c16-4083-8aad-45f6af110224,In Cold Blood,49.98,6,4,Nonfiction
cb0d7c2c-ec23-46e4-aceb-b0e5f5ee3955,"Girl, Interrupted",42.14,6,3,Nonfiction
205d2c14-ad9c-4719-a2b9-2219c7212dfa,Why Save the Bankers?: And Other Essays on Our Economic and Political Crisis,48.67,5,2,Nonfiction
be2184be-becf-4944-b1d3-299cdd19dad8,Talking to Girls About Duran Duran: One Young Man's Quest for True Love and a Cooler Haircut,25.15,5,4,Nonfiction
fe2beb05-d32f-4f18-a86f-9020fb7a95f4,My Mother Was Nuts,31.63,5,4,Nonfiction
14216b11-e148-4b2e-a835-c2de5ad72f53,"Data, A Love Story: How I Gamed Online Dating to Meet My Match",32.35,5,3,Nonfiction
33db0608-f2ec-4094-9720-6ab66449e5b9,The Jazz of Physics: The Secret Link Between Music and the Structure of the Universe,38.71,4,3,Nonfiction
bc423463-30a8-48f2-84af-14670999c8db,The Gunning of America: Business and the Making of American Gun Culture,16.81,4,4,Nonfiction
18148dea-97e8-4d19-8185-65bf3533dc1b,The Geography of Bliss: One Grump's Search for the Happiest Places in the World,28.23,4,2,Nonfiction
6883b059-6703-4864-9093-3de04fea7b8d,God Is Not Great: How Religion Poisons Everything,27.8,4,1,Nonfiction
b95639ff-c42c-4657-8619-638a49f05eec,We the People: The Modern-Day Figures Who Have Reshaped and Affirmed the Founding Fathers' Vision of America,31.95,3,3,Nonfiction
1f007a15-9031-4251-b8db-6072250d5097,Very Good Lives: The Fringe Benefits of Failure and the Importance of Imagination,50.66,3,3,Nonfiction
2e5ce180-8c3c-4301-ab60-c7d8e4e9df66,"Unstuffed: Decluttering Your Home, Mind, and Soul",58.09,3,1,Nonfiction
7a1924f0-73bf-48a5-9ab1-837fb4e3e7d3,Under the Banner of Heaven: A Story of Violent Faith,30.0,3,1,Nonfiction
09fdc674-b123-414d-a848-0ea07c1f84c9,"Trespassing Across America: One Man's Epic, Never-Done-Before (and Sort of Illegal) Hike Across the Heartland",53.51,3,1,Nonfiction
689bea57-3056-4ecf-b3c2-6b1682d18382,The Name of God is Mercy,37.25,3,2,Nonfiction
96cae8af-4a2a-4c5e-8c1b-d7cb34f9b7f1,Stiff: The Curious Lives of Human Cadavers,36.74,3,3,Nonfiction
a0350147-8abd-475b-aa38-8b4043e91619,Spilled Milk: Based on a True Story,49.51,3,1,Nonfiction
d247060d-4ab5-462a-8f90-f58158da82f0,"Rise of the Rocket Girls: The Women Who Propelled Us, from Missiles to the Moon to Mars",41.67,3,4,Nonfiction
98a99ab3-42e0-4c64-9a64-4655eb59fff7,Outliers: The Story of Success,14.16,3,1,Nonfiction
f742ebc7-cd9a-41b4-998a-30d17b385667,Notes from a Small Island (Notes From a Small Island #1),40.17,3,1,Nonfiction
a6bd1908-24b8-4dcf-b75a-93783a0f8ced,Night (The Night Trilogy #1),13.51,3,1,Nonfiction
684eb451-5274-47af-979f-d40fdb6b72e8,"Miracles from Heaven: A Little Girl, Her Journey to Heaven, and Her Amazing Story of Healing",57.83,3,1,Nonfiction
5765835f-f329-4a0a-9c34-32aa41448f1e,Letter to a Christian Nation,22.2,3,1,Nonfiction
06018f73-b97b-42ee-b538-887ce0f679e7,Let's Pretend This Never Happened: A Mostly True Memoir,45.11,3,1,Nonfiction
2af3f6c9-97eb-471c-a081-fc4a3ed04942,It's Never Too Late to Begin Again: Discovering Creativity and Meaning at Midlife and Beyond,42.38,3,1,Nonfiction
ea24dbcc-5bbb-4cec-af5d-8ab9ea913968,Into the Wild,56.7,3,5,Nonfiction
e2c4b777-6722-4ead-9013-799c5a3273a7,"In the Garden of Beasts: Love, Terror, and an American Family in Hitler's Berlin",28.85,3,3,Nonfiction
afd12fa7-11d4-40f3-adb9-d69419dcfc2a,I Am Malala: The Girl Who Stood Up for Education and Was Shot by the Taliban,28.88,3,2,Nonfiction
5c26a5a3-cd59-4d37-ba8b-de3eda7c1e87,Gratitude,26.66,3,5,Nonfiction
649cefc6-b5b7-472a-a457-c86bdad072dd,Disrupted: My Misadventure in the Start-Up Bubble,15.28,3,5,Nonfiction
fff4f0b1-e9f7-4aee-b19e-0873596e7ad3,Brave Enough,51.32,3,5,Nonfiction
ea772cbf-ff27-4293-aaa8-fff68638a29d,"Born to Run: A Hidden Tribe, Superathletes, and the Greatest Race the World Has Never Seen",27.35,3,2,Nonfiction
c6aecacf-4336-4a35-a975-718022529b6a,Blink: The Power of Thinking Without Thinking,21.74,3,5,Nonfiction
5ed66c59-1e59-4945-a205-b8a47266b490,Black Flags: The Rise of ISIS,40.87,3,1,Nonfiction
4ca4f2ce-d40e-4da1-bff4-026d90c0ce4f,Are We Smart Enough to Know How Smart Animals Are?,56.58,3,1,Nonfiction
5d04c013-df8b-40aa-8831-9285cafa83b5,A Walk in the Woods: Rediscovering America on the Appalachian Trail,30.48,3,4,Nonfiction
74a43846-8b74-4718-b318-99c694e9835f,"The Suffragettes (Little Black Classics, #96)",11.89,2,2,Nonfiction
26b341c8-c43a-48b7-a3b8-c64a9139f283,Kindle Paperwhite User's Guide,34.0,2,3,Nonfiction
3557328e-b17e-4ce4-96db-c2ff6f80171d,H is for Hawk,57.42,2,5,Nonfiction
1f3db468-ff70-4361-8035-965ba634349d,Travels with Charley: In Search of America,57.82,1,5,Nonfiction
741068c3-ab3d-468b-a798-18ec851bd182,The Tumor,41.56,1,5,Nonfiction
9d9ef767-88fb-4a1b-8440-f8105b77028b,The End of the Jesus Era (An Investigation #1),14.4,1,1,Nonfiction
ac5ea02a-1ac2-4a2d-841b-a617fb7541b0,"Eat, Pray, Love",51.32,1,3,Nonfiction
23920131-3aa8-4042-a89f-44f8dda829b8,Rip it Up and Start Again,35.02,19,5,Music
76334546-1a3a-40d0-92b0-fcba85d7a141,"Our Band Could Be Your Life: Scenes from the American Indie Underground, 1981-1991",57.25,19,3,Music
eef008cc-1e30-4eab-981c-089968794b1b,How Music Works,37.32,19,2,Music
121314fe-6924-4ca2-aa20-166828f1c79f,Love Is a Mix Tape (Music #1),18.03,14,1,Music
e5b61750-138d-43aa-afb9-9e85f661cb85,Please Kill Me: The Uncensored Oral History of Punk,31.19,8,4,Music
402e2366-634f-4e42-946b-c6e5b083075e,Kill 'Em and Leave: Searching for James Brown and the American Soul,45.05,8,5,Music
f83991d9-f63a-4fe8-8519-e1f83b679f95,"Chronicles, Vol. 1",52.6,7,2,Music
892369f0-fc77-4800-bb4a-d3e72a2e8785,This Is Your Brain on Music: The Science of a Human Obsession,38.4,5,1,Music
9d5c6804-239a-4bf6-a7e2-ec3ce5cea826,"Orchestra of Exiles: The Story of Bronislaw Huberman, the Israel Philharmonic, and the One Thousand Jews He Saved from Nazi Horrors",12.36,4,3,Music
b637759b-1b8d-4f5a-9a0b-8b5e8ba99828,No One Here Gets Out Alive,20.02,4,5,Music
25bb3a65-e887-467c-b268-f3cdeb41e6dc,Life,31.58,2,5,Music
420662f0-372b-48fc-9299-8e42636b4448,Old Records Never Die: One Man's Quest for His Vinyl and His Past,55.66,1,2,Music
76729aa9-9f5a-44ec-a9e1-c0e85dcde6e2,Forever Rockers (The Rocker #12),28.8,1,3,Music
05cc0a9d-4bb2-4f6c-a029-f6972faaaf32,"The Coming Woman: A Novel Based on the Life of the Infamous Feminist, Victoria Woodhull",17.93,19,3,Default
d9ae6f95-5fcb-4271-8ee0-684a7f38b181,The Boys in the Boat: Nine Americans and Their Epic Quest for Gold at the 1936 Berlin Olympics,22.6,19,4,Default
ac1fe163-9510-4760-979e-c80dadba0546,"Starving Hearts (Triangular Trade Trilogy, #1)",13.99,19,2,Default
a47822f1-0742-453e-837b-e89f00f886d4,America's Cradle of Quarterbacks: Western Pennsylvania's Football Factory from Johnny Unitas to Joe Montana,22.5,19,3,Default
ba8661ac-cc58-4686-a4a7-079d9854bf4d,Aladdin and His Wonderful Lamp,53.13,19,3,Default
fd521332-bee3-44cd-8077-5273e99b09fd,Penny Maybe,33.29,18,3,Default
635f0290-cb82-4536-bf36-d49066707479,Maude (1883-1993):She Grew Up with the country,18.02,18,2,Default
3b9c28e9-3176-4ef4-bb38-55d5f00df0f8,"The Inefficiency Assassin: Time Management Tactics for Working Smarter, Not Longer",20.59,16,5,Default
89a8f754-b851-4d99-a95d-46b79494cc7b,Soul Reader,39.58,16,2,Default
be0c4ef9-b2b3-482c-b89f-2064e4b1e04f,Bossypants,49.46,16,2,Default
78b275e5-c3ca-4c26-a789-ef3e23c9ec53,A World of Flavor: Your Gluten Free Passport,42.95,16,1,Default
441aeec6-78d3-48e5-95b6-53f2bc6f1ecc,"A Piece of Sky, a Grain of Rice: A Memoir in Four Meditations",56.76,16,5,Default
3b49f489-6241-46ed-92f2-9db7e27c8aae,Tracing Numbers on a Train,41.6,15,3,Default
af938830-09e9-432b-86d7-7b717a0fffb9,Thirteen Reasons Why,52.72,15,1,Default
40447767-3509-4b07-a23e-9f04b1956316,The Secret (The Secret #1),27.37,15,4,Default
8dd8a15f-8ea6-4acc-aeb7-9431bd07ecf8,The Psychopath Test: A Journey Through the Madness Industry,36.0,15,2,Default
f74ba4dd-c1da-4dcb-a109-2750756a7be3,The Kite Runner,41.82,15,4,Default
cd57e5f0-868d-4306-9a16-4e9fb59337c2,The Girl on the Train,55.02,15,2,Default
3f8cff07-316a-4350-8803-f53e191d65bb,The Emerald Mystery,23.15,15,2,Default
cb4114f6-a0ae-4758-8fea-65a9db24d43a,The Bridge to Consciousness: I'm Writing the Bridge Between Science and Our Old and New Beliefs.,32.0,15,3,Default
f7838c86-879d-4a93-8e8f-d8569c97cfd4,The Art of War,33.34,15,5,Default
259caa25-0718-4187-8474-7d0f8ad09466,Secrets and Lace (Fatal Hearts #1),20.27,15,1,Default
905e0cd3-56b1-4b0f-9b33-bd44f212d5df,Romero and Juliet: A Tragic Tale of Love and Zombies,36.94,15,1,Default
f0241a70-0c9d-4497-851a-7caa609c8c69,Poses for Artists Volume 1 - Dynamic and Sitting Poses: An Essential Reference for Figure Drawing and the Human Form,41.06,15,1,Default
2fbcc7af-fb4b-432f-a245-690c45e93a9f,Miss Peregrine’s Home for Peculiar Children (Miss Peregrine’s Peculiar Children #1),10.76,15,1,Default
4a40d13f-4c73-43f9-a418-5ec4457e6dbb,Large Print Heart of the Pride,19.15,15,2,Default
1e1a208b-ab6b-4e74-9f4a-d67f3f5f08d8,Grumbles,22.16,15,2,Default
66832f6b-b2c3-44dd-8c95-a5772c30647e,First Steps for New Christians (Print Edition),29.0,15,1,Default
978bafc6-e460-46cf-8154-ef8f8db230ce,Eureka Trivia 6.0,54.59,15,4,Default
8b9e97d2-5e63-451b-b16b-2858fe112ac3,Drive: The Surprising Truth About What Motivates Us,34.95,15,4,Default
326e28b8-5778-4fc5-afbb-4794abf9f142,Done Rubbed Out (Reightman & Bailey #1),37.72,15,5,Default
de3880fb-4831-49f5-9ae9-a105830b471c,Beauty Restored (Riley Family Legacy Novellas #3),11.11,15,2,Default
4b425816-a107-4ec4-bf93-4eacc953d92b,Ayumi's Violin,15.48,15,2,Default
b8aebc4b-59ff-4d92-ae5a-51025f9687d1,Anonymous,46.82,15,4,Default
242fd837-e9ed-4d9e-8423-e731dec1ae79,Amy Meets the Saints and Sages,18.46,15,3,Default
4931085f-d7c8-444f-ab3d-45243aed2314,Amatus,50.54,15,5,Default
be522f27-1026-4233-88c1-ce1830feeef4,V for Vendetta (V for Vendetta Complete),37.1,14,4,Default
a8cc5e2a-07d9-47a6-b3e1-77fae1e2a5bd,"Unbroken: A World War II Story of Survival, Resilience, and Redemption",45.95,14,2,Default
c893fdb8-86f4-4613-a057-2e09abe1fd26,The Wright Brothers,56.8,14,4,Default
f20685dc-d910-48ee-87c7-0bd22cb05d25,The Songs of the Gods,44.48,14,5,Default
95ec2d73-ad47-4399-bab8-5018cb613ca8,The Rosie Project (Don Tillman #1),54.04,14,1,Default
47372118-6439-4af8-b67e-37dc51d5f0ba,The Power of Habit: Why We Do What We Do in Life and Business,16.88,14,3,Default
50e55974-fddf-4b81-99f0-5e028f455635,Steve Jobs,39.5,14,5,Default
3c7c9fde-e5de-4435-aaae-22ec93ee2af8,Luckiest Girl Alive,49.83,14,3,Default
7ba0f554-08e1-48de-99a8-1a9099398d55,"Living Leadership by Insight: A Good Leader Achieves, a Great Leader Builds Monuments",46.91,14,4,Default
d4b2a21d-a746-44a7-9dfa-91334e414693,Lady Midnight (The Dark Artifices #1),16.28,14,5,Default
cdbb6a58-8c77-4663-b1b6-aaa5da431657,"Hush, Hush (Hush, Hush #1)",47.02,14,3,Default
124f26c3-d41f-4a1a-8fd6-62a872b8fd01,Greek Mythic History,10.23,14,5,Default
472108de-8699-4605-8e6a-a125a99793a4,Every Last Word,46.47,14,3,Default
59c5dcb6-b42d-4790-bfd2-be3750d8f4d6,Daily Fantasy Sports,36.58,14,1,Default
4e14448f-7aa2-4a14-a30f-54f7c909567a,Clockwork Angel (The Infernal Devices #1),44.14,14,1,Default
b8d4d435-661d-4d59-977e-baca33709ced,City of Fallen Angels (The Mortal Instruments #4),11.23,14,4,Default
ebc946b5-2c51-4605-a884-e56c5a424b94,City of Bones (The Mortal Instruments #1),43.28,14,1,Default
df3978ef-784b-4803-9cfd-7a5cea73bf71,City of Ashes (The Mortal Instruments #2),47.27,14,1,Default
c5cc09b4-b311-4577-bcb3-d108f82bd194,"Carry On, Warrior: Thoughts on Life Unarmed",31.85,14,3,Default
173a4c10-f702-40c9-9459-37bd3c24380b,Carrie,46.23,14,2,Default
2641ac81-66de-4fb1-8fb4-a90c071cb8cf,Angels & Demons (Robert Langdon #1),51.48,14,3,Default
e3a6d165-931f-4995-8a95-b18f7a16ca22,"The Three Searches, Meaning, and the Story",13.33,13,3,Default
faee0db5-add9-475b-adb0-e78fc3633073,Raspberry Pi Electronics Projects for the Evil Genius,49.67,12,4,Default
b3912a25-e50d-4e84-b970-c988ea08742a,How to Speak Golf: An Illustrated Guide to Links Lingo,58.32,12,5,Default
450a645a-2af9-4727-aef2-126680f6bfa7,Eleanor & Park,56.51,12,5,Default
3a322404-be4a-4ad2-b9c7-36c9a3e76ec0,Troublemaker: Surviving Hollywood and Scientology,48.39,11,2,Default
eae5ced2-d31c-46fa-9bc0-0badcfd03a30,Adultery,20.88,11,5,Default
d6962329-f805-4606-81ba-c10363369f20,Unlimited Intuition Now,58.87,9,4,Default
83aa7a88-52c5-478f-a2e4-10b9c60cece9,Underlying Notes,11.82,9,2,Default
b6a785a2-f0e6-4d9e-a876-d07d9c7541a4,The New Brand You: Your New Image Makes the Sale for You,44.05,9,5,Default
f6c30536-6e9f-4e2b-bb0d-3e1d8dd209ae,The Flowers Lied,16.68,9,2,Default
981dc459-142b-4502-8a7a-e7b9164ecf9b,"NaNo What Now? Finding your editing process, revising your NaNoWriMo book and building a writing career through publishing and beyond",10.41,9,4,Default
eecda490-93c0-48ff-80b9-f455b98efad9,Modern Day Fables,47.44,9,2,Default
8fdef724-ee81-4f6e-bed6-3459dfa3833f,The Unlikely Pilgrimage of Harold Fry (Harold Fry #1),43.62,8,5,Default
475bb7f9-0d16-4d59-bbca-854dcba0b353,The Martian (The Martian #1),41.39,8,2,Default
f375081b-4f3a-45f8-a353-50e780d07442,Left Behind (Left Behind #1),40.72,8,2,Default
866848da-e126-49eb-be1d-61b476c08ff7,John Vassos: Industrial Design for Modern Life,20.22,8,4,Default
8bfc04a0-3ef7-4631-90af-8a68781cf7db,I'll Give You the Sun,56.48,8,1,Default
f3c8f658-6218-4c6f-89ba-c11d6fca77f7,Heaven is for Real: A Little Boy's Astounding Story of His Trip to Heaven and Back,52.86,8,2,Default
190ac530-a046-4273-b656-ac940d95d088,Ender's Game (The Ender Quintet #1),43.64,8,1,Default
b12d3e19-c3a8-4621-96fd-cf210a2049f5,Death by Leisure: A Cautionary Tale,37.51,8,4,Default
14d64308-b998-4b6a-939e-a5016351e75f,Wildlife of New York: A Five-Borough Coloring Book,22.14,7,2,Default
49036238-c6f5-4f20-a3ec-3e7d8955aa70,The Year of Living Biblically: One Man's Humble Quest to Follow the Bible as Literally as Possible,34.72,7,1,Default
bc3663ea-c64b-4849-bd42-7818ac613590,The Great Gatsby,36.05,7,4,Default
186c0079-21c5-4b87-95ae-f52bc21b82b8,The Good Girl,49.03,7,3,Default
2e779e96-bf99-4557-925a-4d0710b2f73e,The 7 Habits of Highly Effective People: Powerful Lessons in Personal Change,33.17,7,4,Default
e7ff22c2-2f7f-4dba-a6c5-bee815ec6157,Steal Like an Artist: 10 Things Nobody Told You About Being Creative,20.9,7,2,Default
dd7e6f87-9c4f-47f7-bae2-0536f2b4e23a,Life of Pi,13.22,7,4,Default
5aa06da2-7079-4fa5-8290-35a0cdebf1d6,The Sound Of Love,57.84,6,5,Default
03bb5d9a-c1d2-4933-87a2-536f120a5f92,The Perks of Being a Wallflower,55.02,6,3,Default
eba2b3da-679f-4865-baac-4ecf896cfe39,The Makings of a Fatherless Child,31.58,6,2,Default
237fc091-d5f2-475f-a5f5-e81473e2a974,The Hobbit (Middle-Earth Universe),17.8,6,5,Default
799ffd97-7724-4adf-8fcf-b5a56de16856,The Fellowship of the Ring (The Lord of the Rings #1),10.27,6,2,Default
323f0bba-ebc5-4d94-86a3-6cebdc7c6a95,Ship Leaves Harbor: Essays on Travel by a Recovering Journeyman,30.6,6,3,Default
55924375-e97d-4b0c-b716-6b618ce90222,Musicophilia: Tales of Music and the Brain,46.58,6,1,Default
003eaf1b-a56b-418f-9379-41ac0ef6e18e,What If?: Serious Scientific Answers to Absurd Hypothetical Questions,53.68,5,4,Default
6063fd3b-e4de-4b50-9df7-fc910b78fa06,The Fault in Our Stars,47.22,5,1,Default
d8e605c0-a926-42f4-8943-73ffe2382d44,The Dream Thieves (The Raven Cycle #2),34.5,5,1,Default
65599abe-0847-4d45-894a-322d7518ebee,The 5th Wave (The 5th Wave #1),11.83,5,2,Default
06d75dc2-9467-4801-9fea-829eb83fb32d,Shiver (The Wolves of Mercy Falls #1),16.23,5,5,Default
ef815c70-af89-48fb-92b5-f09bbcf029ee,Remember Me?,11.48,5,3,Default
8dab3eb2-4354-4a01-a761-6c6fc3c82dbe,If I Stay (If I Stay #1),38.13,5,5,Default
08050893-13b0-4866-8c9a-6dd1d046f933,I Know Why the Caged Bird Sings (Maya Angelou's Autobiography #1),36.55,5,2,Default
c2430d43-6381-4aa8-9798-c6496a41413f,Harry Potter and the Deathly Hallows (Harry Potter #7),23.32,5,1,Default
fb55c389-00f1-4c7f-af0f-a6adac662663,Fool Me Once,16.96,5,1,Default
93a15c18-71fb-45a6-9397-de2722ae8553,Drama,38.7,5,2,Default
2a31288c-d368-4688-bfdf-f900b061644a,"Blue Lily, Lily Blue (The Raven Cycle #3)",34.13,5,5,Default
e39403a9-ff41-401d-868b-b3ad336fdcc7,Alight (The Generations Trilogy #2),58.59,5,4,Default
ab3603d7-27b3-4e33-bd48-bb2f2fdbdc6c,Vogue Colors A to Z: A Fashion Coloring Book,52.35,4,4,Default
a45c4167-eb7f-4f06-ac58-5301feeca008,The Shining (The Shining #1),27.88,4,3,Default
a5612cdf-9da4-4fe2-8b45-0a58fbe2b14a,The Hunger Games (The Hunger Games #1),29.85,4,5,Default
9c0d1967-1aef-46a4-944e-b2d9aa22b014,Outlander (Outlander #1),19.67,4,5,Default
d6144dc5-8902-43e2-82bc-6e5e26965f3e,Mockingjay (The Hunger Games #3),20.44,4,4,Default
a49e73d0-d67d-4ea2-9724-388780594a5a,Harry Potter and the Sorcerer's Stone (Harry Potter #1),13.9,4,3,Default
20711c2b-e030-46e3-9bcd-3c70f9d2aec6,Confessions of a Shopaholic (Shopaholic #1),48.94,4,2,Default
7a5dea36-242b-463f-8cfd-f22206a5afa3,Zero History (Blue Ant #3),34.77,3,1,Default
b9156d02-0f05-4d67-8e84-a3bcabe5e2db,World War Z: An Oral History of the Zombie War,21.8,3,1,Default
b0371f80-1ec8-4445-8f5e-b235206fffe4,Wild: From Lost to Found on the Pacific Crest Trail,46.02,3,3,Default
cbd2c0f9-33ce-41e5-81af-cf18e7f06cd1,"Where'd You Go, Bernadette",18.13,3,1,Default
51532533-cf19-440d-b26b-4f6f4257ce1c,Twilight (Twilight #1),41.93,3,2,Default
fc615089-6bcf-4149-b43e-83a8913549d7,The Paris Wife,36.8,3,3,Default
f52cbddc-843b-4f25-a16d-f93d8cec3f47,The Maze Runner (The Maze Runner #1),20.93,3,1,Default
650b5e1e-e993-4f97-bf81-ee02ca1c2abb,The Lover's Dictionary,58.09,3,2,Default
ff3282da-076d-4795-8f77-ec7ae05c969f,The Goldfinch,43.58,3,3,Default
2e88b05c-acff-459a-86f2-5093b64bd354,The Giver (The Giver Quartet #1),12.3,3,1,Default
2bafccd9-6433-4ec8-ac13-35c8a82aa820,The Girl Who Played with Fire (Millennium Trilogy #2),22.14,3,2,Default
980f605f-eaf5-44a6-beb6-ca5e72d687cb,The Demon-Haunted World: Science as a Candle in the Dark,52.25,3,4,Default
3f2645e2-5a05-47c7-aeb4-b07425a4fe83,The Book Thief,53.49,3,2,Default
4426e06b-c3f3-4b8b-b1e5-f9201b645343,The Autobiography of Malcolm X,23.43,3,2,Default
fdc533fb-5110-4def-85f5-b5321e2c4034,Shopaholic & Baby (Shopaholic #5),46.45,3,2,Default
1100f5f0-3f1c-45fe-93f3-f6052919203b,Quiet: The Power of Introverts in a World That Can't Stop Talking,43.55,3,1,Default
eb2ade73-15a5-4ab4-b97b-e08123e22caf,Packing for Mars: The Curious Science of Life in the Void,56.68,3,2,Default
a388f768-181d-47c2-ae1b-2f46f60e2915,Orange Is the New Black,24.61,3,2,Default
e2e19fae-caae-42d2-928a-24ae653d285e,One for the Money (Stephanie Plum #1),32.87,3,2,Default
7d1da86e-8228-49bd-ab9a-8cab5b895d79,Morning Star (Red Rising #3),29.4,3,1,Default
3d6e59e2-e2db-43f7-994e-98e607597f9f,Life After Life,26.13,3,2,Default
1dee5539-fbda-426a-b043-f93040bc3530,"Lean In: Women, Work, and the Will to Lead",25.02,3,1,Default
30ee5d05-84ae-4ee7-a039-fc8ab3038434,Is Everyone Hanging Out Without Me? (And Other Concerns),20.11,3,3,Default
51991d4d-2875-488a-bead-11f79fb3adb0,Gone Girl,37.6,3,5,Default
53015cef-1718-4ac7-b41a-eb3678ab5908,Fellside,38.62,3,1,Default
b2c60305-77e8-48f0-9d41-fa92c2b6d4c4,Eclipse (Twilight #3),18.74,3,1,Default
4a7f3686-7f81-48a7-810b-0d259b6531fb,Dracula,52.62,3,3,Default
3ddaa97b-c1af-41bd-a374-68ea82d3125a,Dead Wake: The Last Crossing of the Lusitania,39.24,3,5,Default
19f24a4c-df7d-4494-ade9-34e8d63cd91f,"David and Goliath: Underdogs, Misfits, and the Art of Battling Giants",17.81,3,1,Default
52883c05-3a6d-4e59-8152-4e5232e1c5cd,Dark Places,23.9,3,5,Default
bd76a56d-79e1-4a30-9f79-b69482317980,Breaking Dawn (Twilight #4),35.28,3,5,Default
d4ac77ef-b133-4908-9fbc-826adaf3b128,Beautiful Creatures (Caster Chronicles #1),21.55,3,5,Default
cb038161-16de-4d47-9710-501e86fb6396,A Visit from the Goon Squad,14.08,3,5,Default
584ec16e-6d10-4379-b10b-f7baf9496518,The Zombie Room,19.69,1,5,Default
0b4d586d-1e31-4436-8d2d-99b84c04c406,The Name of the Wind (The Kingkiller Chronicle #1),50.59,1,3,Default
364547a5-ada6-4e21-90cc-9f61766f14ab,Taking Shots (Assassins #1),18.88,1,2,Default
f88fe1c4-c4fc-4204-8a76-b9e7b72dd006,Shatter Me (Shatter Me #1),42.4,1,1,Default
cb19efb4-9702-41a5-81e2-09559c7881af,Paradise Lost (Paradise #1),24.96,1,1,Default
99c0c310-c7e3-4080-9030-44aeebf75eff,On the Road (Duluoz Legend),32.36,1,3,Default
6f15dcc1-83e3-438c-baf6-d5003294cae2,Jane Eyre,38.43,1,5,Default
66a5a22f-80e2-4de7-a8e7-1e7620b68046,Frankenstein,38.0,1,2,Default
b6b6f363-cc4f-47e0-a60b-42b0b5613a89,Mesaerion: The Best Science Fiction Stories 1800-1849,37.59,19,1,Science Fiction
081c0570-db6c-4589-81f1-c095c7023660,Join,35.67,16,5,Science Fiction
129d452b-af3b-44a3-9cdb-df1c0e4b4b5e,"William Shakespeare's Star Wars: Verily, A New Hope (William Shakespeare's Star Wars #4)",43.3,15,4,Science Fiction
8c3a7762-b913-4f7c-973f-f096d9f904ad,The Project,10.65,15,1,Science Fiction
de4cb095-e39e-4792-8546-96869d1ae31a,Soft Apocalypse,26.12,15,2,Science Fiction
e783afde-9a54-4ff8-a531-fcc126bbc204,Sleeping Giants (Themis Files #1),48.74,11,1,Science Fiction
b8bfacb1-8558-4903-a527-740812fd5363,Arena,21.36,11,4,Science Fiction
dca96560-64a3-4c63-86d6-b48754c4c309,Foundation (Foundation (Publication Order) #1),32.42,5,1,Science Fiction
134eecb0-1cbb-4cbc-9462-4012b172a1a3,The Restaurant at the End of the Universe (Hitchhiker's Guide to the Galaxy #2),10.92,3,1,Science Fiction
ecd53408-7161-47f3-983a-1ad3c2dac8e3,Ready Player One,19.07,3,4,Science Fiction
78903289-7fe7-4fa0-b970-682d71d435ab,"Life, the Universe and Everything (Hitchhiker's Guide to the Galaxy #3)",33.26,3,2,Science Fiction
42d4f05d-b32f-4fb0-a491-c0e610906bdd,Dune (Dune #1),54.86,3,1,Science Fiction
b76ecf8e-ec45-44d7-9e12-5576bf70e411,Do Androids Dream of Electric Sheep? (Blade Runner #1),51.48,3,1,Science Fiction
32fd7a4c-41e0-4a68-8288-8ae6c9b1762e,Three Wishes (River of Time: California #1),44.18,1,2,Science Fiction
6af01882-278c-437a-b11c-181055bd29fe,The Last Girl (The Dominion Trilogy #1),36.26,1,2,Science Fiction
3be17317-2370-43ad-801a-56b0e8d3d57a,Having the Barbarian's Baby (Ice Planet Barbarians #7.5),34.96,1,4,Science Fiction
b1e0d0b7-5f7d-4eae-82f0-64ef255b3677,The Book of Basketball: The NBA According to The Sports Guy,44.84,3,5,Sports and Games
69747647-f1cc-411e-ba7e-1af7a2862e31,"Friday Night Lights: A Town, a Team, and a Dream",51.22,3,3,Sports and Games
8f969002-605d-4564-8a76-7191c4d99372,Sugar Rush (Offensive Line #2),24.42,2,1,Sports and Games
165a4198-d1fd-4f7a-8d69-c6bd96e8b310,Settling the Score (The Summer Games #1),44.91,1,2,Sports and Games
6cce0cf9-a1db-479c-8729-0a07ac1615eb,Icing (Aces Hockey #2),40.44,1,4,Sports and Games
84dd11c0-f8e5-4635-b82f-07bd7fce4bf2,The Torch Is Passed: A Harding Family Story,19.09,16,1,Add a comment
3640dd75-b472-4fd9-97f6-6ae5257b9cd3,"The Mindfulness and Acceptance Workbook for Anxiety: A Guide to Breaking Free from Anxiety, Phobias, and Worry Using Acceptance and Commitment Therapy",23.89,16,4,Add a comment
62161fd1-c068-4a92-b233-8592b8751c0e,The Art Forger,40.76,16,3,Add a comment
9075c551-c166-4a25-94ab-665cc5ce8a03,On a Midnight Clear,14.07,16,3,Add a comment
e85f852c-3ee8-481c-a41e-017baec7e234,Judo: Seven Steps to Black Belt (an Introductory Guide for Beginners),53.9,16,2,Add a comment
ebb24655-5c3b-405d-bfeb-df269a560479,"Shobu Samurai, Project Aryoku (#3)",29.06,15,3,Add a comment
dca11907-09b5-4672-bc96-6de994036c53,Modern Romance,28.26,15,5,Add a comment
ff94f842-7c54-4176-a199-da1917b7b167,The White Queen (The Cousins' War #1),25.91,14,5,Add a comment
f1fc3f8e-85f7-4c22-aa9f-2091211c962e,The Song of Achilles,37.4,14,5,Add a comment
ca332532-5435-4683-8bc9-9d56cfc0991b,The Immortal Life of Henrietta Lacks,40.67,14,2,Add a comment
80498d71-3294-4c4f-abb7-38bbc15952a7,The Dovekeepers,48.78,14,1,Add a comment
effe33de-67f1-40dd-8667-ff5c1e4464f9,More Than Music (Chasing the Dream #1),37.61,14,2,Add a comment
e0b25adf-b58d-4789-a5f1-458e32fefb4d,Code Name Verity (Code Name Verity #1),22.13,14,4,Add a comment
ac07eb88-fdd4-4ecd-bccb-10ea7bbfcde1,Cell,20.29,14,4,Add a comment
2d4bbe38-e9c0-4fcc-b505-c7bf1548c07f,Angels Walking (Angels Walking #1),34.2,14,2,Add a comment
90705801-62e1-4b0f-b6df-1fbd053a3275,"A Series of Catastrophes and Miracles: A True Story of Love, Science, and Cancer",56.48,14,2,Add a comment
c6fcdd62-5e8e-4605-a0e8-a417d7931b70,A People's History of the United States,40.79,14,2,Add a comment
e3fb6a93-1e98-4d54-8876-6c73fe8c774b,A Brush of Wings (Angels Walking #3),55.51,14,1,Add a comment
cda18565-2eb6-49d2-8186-abbf9872d300,Rook,37.86,13,4,Add a comment
e15ec97e-e65c-4fd2-9654-699fd28aa45d,The Midnight Watch: A Novel of the Titanic and the Californian,26.2,12,1,Add a comment
4e08253f-a640-4554-9b15-b7df2bb344cc,The Gray Rhino: How to Recognize and Act on the Obvious Dangers We Ignore,59.15,12,4,Add a comment
6dfe5e90-81ca-4e41-959e-e5efe80f7be5,The Children,11.88,12,3,Add a comment
86746b72-eb34-4fee-a993-abe002a6f663,One with You (Crossfire #5),15.71,12,4,Add a comment
d12e9225-21bf-4a10-8383-adec93e72e80,Without Shame,48.27,9,5,Add a comment
34df490c-ea86-44d2-a5af-a2232efae8db,Watchmen,58.05,9,4,Add a comment
4116f4b4-1907-4d49-b11a-76fa21fac076,A Hero's Curse (The Unseen Chronicles #1),50.49,9,3,Add a comment
877cefbf-6c7f-4324-821d-0c67536e313d,23 Degrees South: A Tropical Tale of Changing Whether...,35.79,9,2,Add a comment
4cd0c6b4-c3cb-415c-9850-9f5b604845a1,The Glass Castle,16.24,7,1,Add a comment
b03c3323-330f-4f8b-9090-302ce8bd6490,The Drowning Girls,35.67,7,3,Add a comment
9a62aed6-0abf-4d6b-90d0-e1554ab2f548,Team of Rivals: The Political Genius of Abraham Lincoln,20.12,7,5,Add a comment
aa7f6f1f-3b02-4933-bd80-35d2fd86fed7,John Adams,57.43,7,4,Add a comment
eff69949-d154-4ba0-8af0-cf5032052fb4,Good in Bed (Cannie Shapiro #1),37.05,7,5,Add a comment
fe168fec-23ef-434c-a33b-da401d219bdb,The Joy of Cooking,43.27,6,4,Add a comment
be2fe949-f856-4784-87f8-1e26b70e6315,The Golden Compass (His Dark Materials #1),18.77,6,1,Add a comment
386121c1-7f14-44f8-9bee-76f5356f1485,The God Delusion,46.85,6,3,Add a comment
2fae7066-42b2-46d9-94ff-160cf5a9008a,Pride and Prejudice,19.27,6,4,Add a comment
3074b197-11f0-4a04-b636-9630a77cb191,Mere Christianity,48.51,6,3,Add a comment
3d337e73-d079-4987-a7a5-44d2ee16668d,Fun Home: A Family Tragicomic,56.59,6,4,Add a comment
8998724c-7082-4036-98fc-774e588a8874,The Raven King (The Raven Cycle #4),30.57,5,2,Add a comment
f02f3f61-d283-4c0f-90a1-dda65d7942aa,Find Her (Detective D.D. Warren #8),22.37,5,1,Add a comment
6c300654-7d0d-49c7-b605-49ac3cc86785,Evicted: Poverty and Profit in the American City,42.27,5,1,Add a comment
09f9d82d-84f7-4fa8-bdde-b1f91314009a,A Game of Thrones (A Song of Ice and Fire #1),46.42,5,2,Add a comment
4ae8ebf4-be09-49c6-b121-7c7e0ff0ad0d,A Clash of Kings (A Song of Ice and Fire #2),10.79,5,3,Add a comment
c31c51b3-4b63-4b8b-905e-44cbfbe23bcd,The Tipping Point: How Little Things Can Make a Big Difference,10.02,3,2,Add a comment
f65253b3-70b5-450c-9717-9bc60c9675a2,The Rest Is Noise: Listening to the Twentieth Century,34.77,3,1,Add a comment
abbc314a-4913-40d3-a4df-64150fad3d8d,The Purpose Driven Life: What on Earth Am I Here for?,37.19,3,3,Add a comment
1a5f4fe3-e3ea-4914-b082-40770de5efa5,The Hitchhiker's Guide to the Galaxy (Hitchhiker's Guide to the Galaxy #1),47.8,3,3,Add a comment
e32384b6-7a62-4502-affb-73b1be7eb18d,The Girl Who Kicked the Hornet's Nest (Millennium Trilogy #3),57.48,3,1,Add a comment
83c2dd93-26bb-482c-8cca-5d26dc106da6,"The End of Faith: Religion, Terror, and the Future of Reason",22.13,3,4,Add a comment
5660186a-cc44-41bf-ad27-221c6f16a4fe,The Complete Poems,41.32,3,5,Add a comment
879cdef6-102f-4ee0-bae5-68f798dc2b76,The Catcher in the Rye,24.55,3,1,Add a comment
b6a3078d-afd6-4c6a-9824-6c1c1c07e415,The Case for Christ (Cases for Christianity),47.84,3,1,Add a comment
d9fe9e41-ee7b-44fc-ae9a-f4e678ff66a5,The Blind Side: Evolution of a Game,53.71,3,5,Add a comment
6d0c07b1-0847-4d70-9df7-8545a5111f3b,Seven Days in the Art World,52.33,3,2,Add a comment
2f1a3f8c-a9a9-4dc2-a5fb-c58be9c7e4c1,Sarah's Key,46.29,3,1,Add a comment
1e623b3b-fb15-476e-a648-a824d6c44f28,Rogue Lawyer (Rogue Lawyer #1),50.11,3,3,Add a comment
6b588d62-390f-4741-9afc-e89f99248f8d,Manuscript Found in Accra,34.98,3,2,Add a comment
c0342ac3-5056-4e99-b4be-0af930804339,Fire Bound (Sea Haven/Sisters of the Heart #5),21.28,3,4,Add a comment
8ee0bc26-f8a1-4140-9bb2-2d8b4d183c58,Cosmos,36.17,3,2,Add a comment
73601db2-9b75-47f2-a344-27f74d71a6c7,#GIRLBOSS,50.96,3,1,Add a comment
79a647f2-e390-41ae-8ed5-9509a60edd9a,The Sense of an Ending,31.38,2,3,Add a comment
7fa39857-20c8-4b54-a9bb-37e013cf3e05,The Republic,33.78,1,3,Add a comment
8ba3097b-d219-47b7-b0e6-64fc4e5c4c6f,The Odyssey,29.64,1,3,Add a comment
2121a928-78fc-471c-82ef-a9f18340d9ec,The Light of the Fireflies,54.43,1,1,Add a comment
50494741-a498-4467-bcdd-e755ea5efab8,The Iliad,16.16,1,1,Add a comment
95ca8a96-4f27-4802-8310-51d61eed7b11,The Communist Manifesto,14.76,1,3,Add a comment
53b0fd82-10a4-4942-bd40-73c1affca908,Lord of the Flies,24.89,1,3,Add a comment
e8b0b21f-14c9-43a0-9228-521509e9b83e,Unicorn Tracks,18.78,16,3,Fantasy
2a6a1f53-be5e-4d3f-8d1f-ef8fa425585f,"Saga, Volume 6 (Saga (Collected Editions) #6)",25.02,16,3,Fantasy
bbb55440-70ac-42af-936b-b251ff1a9dcb,Princess Between Worlds (Wide-Awake Princess #5),13.34,16,5,Fantasy
99e1a451-746d-4480-ba4f-9a356035621c,Masks and Shadows,56.4,16,2,Fantasy
ec81a478-dcf6-4c3f-983b-5fbb515e3edf,Crown of Midnight (Throne of Glass #2),43.29,16,3,Fantasy
e9f95ab6-2b13-4c90-a7a6-f63d0d8a3f00,"Avatar: The Last Airbender: Smoke and Shadow, Part 3 (Smoke and Shadow #3)",28.09,16,2,Fantasy
0b21b563-fadb-4bc0-93b9-0e131dc9a74c,A Court of Thorns and Roses (A Court of Thorns and Roses #1),52.37,16,1,Fantasy
3d19f14a-92cf-4e32-b616-a177e8a1d6d9,Throne of Glass (Throne of Glass #1),35.07,15,3,Fantasy
84ec27da-6493-41bf-9724-68d36a8eeb0e,The Glittering Court (The Glittering Court #1),44.28,15,1,Fantasy
884fe944-4f4b-40e2-bbb8-364e6199479a,Hollow City (Miss Peregrine’s Peculiar Children #2),42.98,15,1,Fantasy
7698db5c-3a33-423b-aeb9-e05eddbc8d8d,The Star-Touched Queen,46.02,14,5,Fantasy
b9a63a71-85d4-4cf4-a707-db6d59ff5810,The Hidden Oracle (The Trials of Apollo #1),52.26,14,2,Fantasy
0d487047-a168-4c74-837e-1c0fb950933e,The Bane Chronicles (The Bane Chronicles #1-11),44.73,14,4,Fantasy
152e9d95-114f-45d3-be3e-f4c8c75320a7,Island of Dragons (Unwanteds #7),29.65,14,1,Fantasy
95e8af33-e1cf-4908-bbb7-a93f1f8329df,Demigods & Magicians: Percy and Annabeth Meet the Kanes (Percy Jackson & Kane Chronicles Crossover #1-3),37.51,14,5,Fantasy
10be7c9d-0375-4020-9292-0ea17edacf98,City of Glass (The Mortal Instruments #3),56.02,14,4,Fantasy
829eea4c-063e-4378-aa9e-4e883290a7cb,Searching for Meaning in Gailana,38.73,13,1,Fantasy
b195a9ac-6049-4d0a-9122-1f1c469acaa0,The Star-Touched Queen,32.3,12,5,Fantasy
fe89b499-322f-48fa-b7c0-16fdbaa2b733,A Shard of Ice (The Black Symphony Saga #1),56.63,9,3,Fantasy
a2859a43-55de-4def-ab9a-da5ecff08344,King's Folly (The Kinsman Chronicles #1),39.61,7,5,Fantasy
23ba561c-3624-4258-91b3-1851c948eb49,Every Heart a Doorway (Every Heart A Doorway #1),12.16,7,5,Fantasy
589b756b-387c-4a9b-9650-4d22722cc9fc,A Gathering of Shadows (Shades of Magic #2),44.81,7,4,Fantasy
11286619-8520-40a6-a7d7-cd1d63309079,The Raven Boys (The Raven Cycle #1),57.74,5,4,Fantasy
71473e9d-dc46-443a-a80d-b8a9f3312681,The False Prince (The Ascendance Trilogy #1),56.0,5,5,Fantasy
a36dce80-e27f-4f99-a78f-b3e6082113b0,Tell the Wind and Fire,45.51,5,3,Fantasy
77b88356-01e2-48c1-a189-964920e61c15,A Feast for Crows (A Song of Ice and Fire #4),17.21,5,4,Fantasy
9d74e479-1a7a-460c-ae0e-5c60b2849e36,The Demonists (Demonist #1),52.11,4,2,Fantasy
69eef843-73c3-438b-9165-85960347c4a0,The Beast (Black Dagger Brotherhood #14),46.08,4,5,Fantasy
619284c1-0982-414c-ac45-faf784341d12,Paper and Fire (The Great Library #2),49.45,4,5,Fantasy
f2a2e18b-09ea-407a-851e-e3fc56d32f25,Harry Potter and the Order of the Phoenix (Harry Potter #5),31.63,4,4,Fantasy
9a72a222-75db-46dd-8ea7-9c81610f70dd,Harry Potter and the Half-Blood Prince (Harry Potter #6),48.75,4,5,Fantasy
864b867b-300b-4c8b-a1b7-28c159961a88,Harry Potter and the Chamber of Secrets (Harry Potter #2),14.74,4,1,Fantasy
4eebc35e-f44a-4304-869f-a0400452d09a,The Rose & the Dagger (The Wrath and the Dawn #2),58.64,3,4,Fantasy
34af1f19-3be2-47c2-b768-25b3ee07f77d,Soldier (Talon #3),24.72,3,2,Fantasy
d88f3193-ef3a-42b0-831f-097da6e73de9,Midnight Riot (Peter Grant/ Rivers of London - books #1),55.46,3,2,Fantasy
b4a83b5f-67cb-44f6-b00b-5999c3736af2,Heir to the Sky,44.07,3,4,Fantasy
82dd4d84-e619-4fb6-ae71-2f3c11073cfe,Eragon (The Inheritance Cycle #1),43.87,3,3,Fantasy
41fc5a77-2cd1-4c8f-bf46-b13519acadf2,Darkfever (Fever #1),56.02,3,1,Fantasy
418ecce4-6619-458d-bbaa-bbd9cefcd9d8,Ash,22.06,3,4,Fantasy
0590f6d8-a6c5-4c03-bbe3-7975196fe2c8,A Storm of Swords (A Song of Ice and Fire #3),31.22,3,2,Fantasy
347684d4-6b66-4bd0-82e8-0c7796aeda44,Vampire Girl (Vampire Girl #1),53.82,1,2,Fantasy
0812e656-d9ed-4268-8845-8a6419fbf31c,The Silent Twin (Detective Jennifer Knight #3),36.25,1,3,Fantasy
552cc770-ebbd-47dc-b36e-0d4edd0108a0,The Mirror & the Maze (The Wrath and the Dawn #1.5),29.38,1,1,Fantasy
f9a3b8fd-a111-4ed7-b8b4-03874a46ff87,Sister Sable (The Mad Queen #1),13.33,1,3,Fantasy
72b9282c-0123-4d74-9a95-6deb834c80fc,Shadow Rites (Jane Yellowrock #10),21.72,1,4,Fantasy
2b4f4bc7-2d5c-4a76-acd1-bb87e6f2dee7,Origins (Alphas 0.5),28.99,1,1,Fantasy
ad36d80d-44d7-40f3-8eb9-8676877dd888,One Second (Seven #7),52.94,1,2,Fantasy
2416e7cc-6a8e-4856-9100-ad24a9a7e9da,Myriad (Prentor #1),58.75,1,4,Fantasy
45de4216-03cb-48f6-8a38-37c747bf295e,Without Borders (Wanderlove #1),45.07,16,2,New Adult
26d542f5-98b1-4c94-b494-ea9b11d4f020,The Mistake (Off-Campus #2),43.29,15,3,New Adult
a9b96e8d-4719-4bc2-8e84-96d548cbe981,The Matchmaker's Playbook (Wingmen Inc. #1),55.85,15,1,New Adult
3182c629-136c-4a8f-a986-0ab58ac765f6,The Hook Up (Game On #1),36.29,1,5,New Adult
ed10a90e-69d3-4ee4-a19b-0350eb1d20a4,Shameless,58.35,1,3,New Adult
067e0f97-bf1c-46f6-b6de-6f492a04f9b2,Off Sides (Off #1),39.45,1,5,New Adult
0026e111-05cf-4cf3-9e89-5b37605d81c7,The Requiem Red,22.65,19,1,Young Adult
1a3af3bf-696e-4ae2-8740-9b7a2fe00b91,Set Me Free,17.46,19,5,Young Adult
141dc253-ace8-4b7a-ab1b-ce96f0d1d2dd,The Natural History of Us (The Fine Art of Pretending #2),45.22,16,3,Young Adult
4f9cf5d9-7dff-4110-a7d5-a7b766079b7a,Obsidian (Lux #1),14.86,16,2,Young Adult
4690ab65-ae18-4d98-bd57-379a3c2042f1,Burning,28.81,16,3,Young Adult
5f93720a-f718-4278-9c5f-f65b805392c4,A Fierce and Subtle Poison,28.13,16,4,Young Adult
f2d43a26-4732-4648-b068-7b986d13d9b3,Scarlett Epstein Hates It Here,43.55,15,5,Young Adult
cd8504e5-304d-41ce-be06-78c00b5e3d87,"Nightingale, Sing",38.28,15,1,Young Adult
fd88e473-5fe0-4af8-80c9-9986816cc55e,Library of Souls (Miss Peregrine’s Peculiar Children #3),48.56,15,5,Young Adult
bba45a74-6a6c-4b9b-9139-b0b5b3d5d19c,Frostbite (Vampire Academy #2),29.99,15,5,Young Adult
56146928-9c68-4b1e-8cf0-761f8bf33d2f,Wild Swans,14.36,14,2,Young Adult
3abacf5b-ebba-4045-b6f0-ff58bf595c24,Until Friday Night (The Field Party #1),46.31,14,2,Young Adult
766f0700-325b-4c97-b773-842fc4b6e448,This Is Where It Ends,27.12,14,2,Young Adult
7211e051-8790-4380-8d38-3643261738eb,The Darkest Lie,35.35,14,5,Young Adult
251deb0d-38f4-4e7d-9a52-b06eedd8dd6e,My Kind of Crazy,40.36,14,1,Young Adult
528b38df-7c97-4f3f-9cd8-bbfa23f88d4d,Don't Get Caught,55.35,14,1,Young Adult
ac5ed19a-793a-4786-8103-f39ec0e02aea,Catching Jordan (Hundred Oaks),50.83,14,3,Young Adult
82e7aef2-3e53-4af3-8a4f-935065fb9627,Aristotle and Dante Discover the Secrets of the Universe (Aristotle and Dante Discover the Secrets of the Universe #1),58.14,14,4,Young Adult
38663932-8d1a-4447-81fe-7f4da586e6e2,The Epidemic (The Program 0.6),14.44,12,5,Young Adult
37cd8628-285e-43fb-80ca-f03817522f32,Stars Above (The Lunar Chronicles #4.5),48.05,12,2,Young Adult
3d629af3-e4d2-4390-8769-cebddfe3a20c,No Love Allowed (Dodge Cove #1),54.65,12,4,Young Adult
30cf7f3e-fe19-40da-96b0-285df79ac957,"Exit, Pursued by a Bear",51.34,11,4,Young Adult
82f8f554-7405-4d79-9115-ea5d3703ed98,The Alien Club,54.4,9,1,Young Adult
f8a3e9a9-e30a-4b29-85e7-c50be05c14e6,Don't Forget Steven,33.23,9,1,Young Adult
50fbd21a-97f1-4807-b8f2-3522f295eacc,South of Sunshine,28.93,8,1,Young Adult
5f694a51-6a21-4c3a-97a5-5afe78571f98,My Life Next Door (My Life Next Door ),36.39,8,5,Young Adult
b7717464-fee6-405b-b319-a0fa8b30ca26,Future Shock (Future Shock #1),55.65,8,5,Young Adult
a4151825-cf90-4bfe-a43f-e097118bc3f9,Nightstruck: A Novel,50.35,7,4,Young Adult
3b659666-ad47-4fa9-a3c5-5994883c3653,Tell the Wolves I'm Home,50.96,6,2,Young Adult
fb796c73-9f5e-4f9f-804e-080e59329e4c,"Will Grayson, Will Grayson (Will Grayson, Will Grayson)",47.31,5,4,Young Adult
50d24330-3b7e-4a75-8c1b-c4dd22984692,Where She Went (If I Stay #2),41.73,5,4,Young Adult
90f9279c-a4ac-4b23-a9e9-cb693a3a4c06,Two Summers,14.64,5,1,Young Adult
4526825d-91dd-4e7e-8108-e51426dcc8a5,The Darkest Corners,11.33,5,5,Young Adult
6992d3d9-5cd4-4156-8b51-358695c6686d,Tell Me Three Things,41.81,5,1,Young Adult
f50a7384-55c7-4a92-b94c-24eb6feb0cf6,Lola and the Boy Next Door (Anna and the French Kiss #2),23.63,5,4,Young Adult
2ffeb119-f14d-4200-b356-04821a9153ca,Kill the Boy Band,15.52,5,5,Young Adult
0ce3b90e-a499-489b-8184-79421d4db88d,Isla and the Happily Ever After (Anna and the French Kiss #3),48.13,5,5,Young Adult
6554cb77-095c-4ebb-b7dc-203c127a4d1b,An Abundance of Katherines,10.0,5,5,Young Adult
1c96662c-65e9-4c37-8c0c-75f64ad527d4,Harry Potter and the Prisoner of Azkaban (Harry Potter #3),24.17,4,4,Young Adult
024c5d0e-e4c5-49c3-84d0-972028ad7590,Walk the Edge (Thunder Road #2),32.36,3,3,Young Adult
df9e10d1-65aa-4e50-8c2e-7b65b17a6955,Two Boys Kissing,32.74,3,2,Young Adult
2094fc33-a748-4cf3-a3fc-64cac0463e7a,The New Guy (and Other Senior Year Distractions),44.92,3,3,Young Adult
ce6e51de-3728-49ee-86f4-b97f88625cdc,"The Land of 10,000 Madonnas",29.64,3,4,Young Adult
1f73c2ea-123a-4e8d-8ad9-13f6cfc6c904,Scarlet (The Lunar Chronicles #2),14.57,3,4,Young Adult
490fd06a-ccd9-40f3-bfa6-593b5a71b30a,Legend (Legend #1),43.69,3,4,Young Adult
700b45fc-7bf3-4004-a544-4691d7ef8889,Lady Renegades (Rebel Belle #3),53.04,3,5,Young Adult
3070ec47-a477-4a28-be74-39fe6609c6c9,Golden (Heart of Dread #3),42.21,3,4,Young Adult
8e0e178d-1d8e-4f89-8dd6-9ab246cb3149,Cinder (The Lunar Chronicles #1),26.09,3,1,Young Adult
f7890bee-4d00-4a54-8f0d-9ca4f6b83930,Boy Meets Boy,21.12,3,3,Young Adult
124992ee-3700-4f2a-8b96-5a2e9c68f6c8,Annie on My Mind,36.83,3,5,Young Adult
2fd9d51b-8401-496c-83b7-11d71ad53806,New Moon (Twilight #2),12.86,2,4,Young Adult
dcfe85ba-dbb3-4b8c-9fdb-6b725cf89470,Girl Online On Tour (Girl Online #2),53.47,2,1,Young Adult
10d9c381-6c10-40cb-b386-0969fe5a8c5b,The Haters,27.89,1,5,Young Adult
fc7555b9-3305-414b-86c2-a103a367fadc,The Art of Not Breathing,40.83,1,4,Young Adult
f02499ff-3945-4fce-ab7b-6be5ce0a7208,The Most Perfect Thing: Inside (and Outside) a Bird's Egg,42.96,16,4,Science
bff6ed6c-8db2-429a-a044-1fa50174ebca,Immunity: How Elie Metchnikoff Changed the Course of Modern Medicine,57.36,16,5,Science
8f99a5fa-e5bb-4137-ad49-052d50bdebc8,Sorting the Beef from the Bull: The Science of Food Fraud Forensics,44.74,14,4,Science
2a9aad89-fa04-493c-b94d-10de0de01e5e,Tipping Point for Planet Earth: How Close Are We to the Edge?,37.55,12,1,Science
097c093a-3b6f-440f-ae90-8fa845558079,"The Fabric of the Cosmos: Space, Time, and the Texture of Reality",55.91,9,1,Science
2496254a-66aa-47aa-a325-00c12dd6d821,Diary of a Citizen Scientist: Chasing Tiger Beetles and Other New Ways of Engaging the World,28.41,8,1,Science
4e5c1205-5550-4d5f-a08f-f44a95c5f901,The Origin of Species,10.01,7,4,Science
d5f7465b-5fdd-4dbe-8cea-a304b1014d74,The Grand Design,13.76,5,3,Science
d9a332d1-626a-49de-b7b7-34e887eb0af7,Peak: Secrets from the New Science of Expertise,16.28,5,2,Science
638d21b6-cd06-4400-83d8-b6e7adad1b72,"The Elegant Universe: Superstrings, Hidden Dimensions, and the Quest for the Ultimate Theory",13.03,3,4,Science
8aca68fc-e1aa-43f3-adce-92ca87eddaf8,"The Disappearing Spoon: And Other True Tales of Madness, Love, and the History of the World from the Periodic Table of the Elements",57.35,3,5,Science
0c0d2e6b-5f0a-481d-a756-e6c2bf29d210,"Surely You're Joking, Mr. Feynman!: Adventures of a Curious Character",25.83,3,2,Science
68326343-fe0f-440d-8910-d74781fd8513,Seven Brief Lessons on Physics,30.6,3,4,Science
8f22782f-71fd-49e1-895a-93c86f2034f7,The Selfish Gene,29.45,1,1,Science
32ea85fc-91ea-4b30-8b44-f0ebc2f5441c,A Light in the Attic,51.77,22,3,Poetry
e2604f56-47e4-40e7-ae99-dcffb4980fde,The Black Maria,52.15,19,1,Poetry
07a1b74d-cf21-4bfb-bc57-f7ac7e02510c,Shakespeare's Sonnets,20.66,19,4,Poetry
d9c6f2f1-7c97-44e8-a246-355ce8acaf86,Olio,23.88,19,1,Poetry
f2882115-495a-4e11-a8c5-fad0ac743655,You can't bury them all: Poems,33.63,17,2,Poetry
5ac1f507-fe17-4f1a-ab30-0a2feb5be382,Slow States of Collapse: Poems,57.31,17,3,Poetry
7419401d-9e73-4761-905d-68586b5fd321,Untitled Collection: Sabbath Poems 2014,14.27,16,4,Poetry
4638016c-91d5-4cd8-a9af-ec8ae4a853e2,Poems That Make Grown Women Cry,14.19,15,4,Poetry
9b1b0099-2ed1-49d3-935c-1858cdedad77,Night Sky with Exit Wounds,41.05,15,1,Poetry
0de1346e-91d9-4f26-89f4-a35aab09a637,salt.,46.78,14,4,Poetry
f9c5766a-9e65-47ca-8c11-886fbe417627,"Quarter Life Poetry: Poems for the Young, Broke and Hangry",50.89,14,5,Poetry
3e1c0b24-520a-4b44-9eb6-5cc2939631c7,Out of Print: City Lights Spotlight No. 14,53.64,8,5,Poetry
d4de8dd8-b5e8-4d63-b17f-32727613a727,Les Fleurs du Mal,29.04,8,5,Poetry
68e98767-a6f1-4483-9a06-72798effa118,Howl and Other Poems,40.45,8,2,Poetry
b211ab49-1879-4f60-a9bb-7a0b580414b6,Leave This Song Behind: Teen Poetry at Its Best,51.17,7,5,Poetry
a94fc14e-f834-42e4-a4be-e8e0c8fb7bf2,The Collected Poems of W.B. Yeats (The Collected Works of W.B. Yeats #1),15.42,6,5,Poetry
3be2d659-e966-4cf3-b436-0b07cc618379,The Crossover,38.77,5,4,Poetry
47c8897b-987e-492f-a551-e52fa92e3be9,Booked,17.49,5,5,Poetry
b4d755a5-cdfd-4dfe-9122-96f1cb4f5ce4,Twenty Love Poems and a Song of Despair,30.95,1,4,Poetry
30652ce1-5973-400e-ae4b-f32e5b27d42c,"Vampire Knight, Vol. 1 (Vampire Knight #1)",15.4,1,1,Paranormal
9cff2500-da5b-4841-ae36-9cee18514780,Wall and Piece,44.18,18,4,Art
8c7b9b73-7685-4aad-8780-336ad7a14967,Feathers: Displays of Brilliant Plumage,49.05,14,3,Art
e1f91606-dee9-4c61-ae29-16e6eecbd7ac,Art and Fear: Observations on the Perils (and Rewards) of Artmaking,48.63,9,4,Art
70c59a4d-c15f-4e5f-9f85-57b306b04dc4,The New Drawing on the Right Side of the Brain,43.02,8,3,Art
5fea24ec-7893-460c-9e8d-de0e0b487b70,History of Beauty,10.29,8,4,Art
2a7798f5-4369-4e44-bab0-23d7d20277e4,The Story of Art,41.14,7,4,Art
0b7f13f1-f04b-4a8e-9bc0-b558d9079b11,The Art Book,32.34,7,2,Art
db92affd-3854-4ad1-b9f9-769d07260074,Ways of Seeing,39.51,1,5,Art
5a0fe66a-1a45-4895-a80b-d013ae68b2d0,The Lucifer Effect: Understanding How Good People Turn Evil,10.4,14,1,Psychology
952b7a1f-4c44-469f-b4c5-fa219e6f09d2,The Golden Condom: And Other Essays on Love Lost and Found,39.43,12,1,Psychology
38bd8a6f-36b3-42d0-aa59-d0513ea8035c,It Didn't Start with You: How Inherited Family Trauma Shapes Who We Are and How to End the Cycle,56.27,11,3,Psychology
0fbf7a01-1bda-4ad6-9b05-2cd5786ce472,An Unquiet Mind: A Memoir of Moods and Madness,21.3,6,3,Psychology
e28041f4-2953-47ed-9287-df5aa822f1c2,"Thinking, Fast and Slow",21.14,3,1,Psychology
c1517422-3651-497e-b71c-95fedc8c638c,Civilization and Its Discontents,59.95,3,2,Psychology
e3e4d724-adb6-4aa3-b955-71d9ba4496c9,8 Keys to Mental Health Through Exercise,31.04,3,1,Psychology
961670c7-8669-4965-be70-097744703fae,The Argonauts,10.93,15,2,Autobiography
e5d0ce6e-bce1-42d9-a017-414e51a94bb4,M Train,27.18,11,1,Autobiography
39974047-16f1-4a54-b7b7-bbedba55145e,Lab Girl,40.85,11,1,Autobiography
07dbda89-9d31-4a22-85ef-73ba153f691a,Approval Junkie: Adventures in Caring Too Much,58.81,5,5,Autobiography
94cd3c9b-413b-4f20-9c40-1332a844a60b,Running with Scissors,12.91,3,4,Autobiography
f7ee8b09-4a65-447c-bdfd-ed58724b7176,Me Talk Pretty One Day,57.6,3,2,Autobiography
73b4ca00-1cf1-4c6e-9c01-6389ee9db203,Lust & Wonder,11.87,3,2,Autobiography
b1fd0b3e-e8a1-4283-a540-9b63902c0cd3,Life Without a Recipe,59.04,3,5,Autobiography
b1e4295e-62da-40ba-8c4a-6d8ff4a6b3eb,A Heartbreaking Work of Staggering Genius,54.29,3,5,Autobiography
8fd55b43-0002-4858-8aa2-99e2a1a38cb0,Catastrophic Happiness: Finding Joy in Childhood's Messy Years,37.35,3,2,Parenting
fd8957b8-943f-4038-a2ae-23185cf4449f,Fifty Shades Freed (Fifty Shades #3),15.36,3,5,Adult Fiction
0e68e595-02be-4146-ac35-cbe469a295a0,The Long Haul (Diary of a Wimpy Kid #9),44.07,14,1,Humor
93f844ff-a00a-4cc1-9843-dba9812593af,Old School (Diary of a Wimpy Kid #10),11.83,14,5,Humor
b7f2de11-71b9-40c4-a8f3-7da8925279ab,I Know What I'm Doing -- and Other Lies I Tell Myself: Dispatches from a Life Under Construction,25.98,14,4,Humor
c17c6c8e-be07-4dcc-b439-91918007aa14,"Hyperbole and a Half: Unfortunate Situations, Flawed Coping Mechanisms, Mayhem, and Other Things That Happened",14.75,14,5,Humor
2c1e0079-1a58-4a24-8bf7-f7047e20a19b,Dress Your Family in Corduroy and Denim,43.68,9,3,Humor
079180f5-99fe-4091-8a38-666b38942295,Toddlers Are A**holes: It's Not Your Fault,25.55,7,1,Humor
38023042-f23e-4d39-b8de-1509df5c8676,When You Are Engulfed in Flames,30.89,3,5,Humor
8617b125-13d2-4c98-8e3c-3c3633645e88,Naked,31.69,3,3,Humor
b4d1713c-063f-4919-968f-6aa7087610ed,"Lamb: The Gospel According to Biff, Christ's Childhood Pal",55.5,3,5,Humor
e4ca6999-5075-4d2a-9c5d-1070dd1cb94c,Holidays on Ice,51.07,3,2,Humor
4c5db79d-cc06-4b72-bd0c-1e915207aa1e,Security,39.25,16,2,Horror
21bde5c4-3191-41c4-8393-fab7d2b0ce6a,Follow You Home,21.36,15,1,Horror
6b082e27-cb6f-4451-a6c4-28f1e8f9bdc7,The Loney,23.4,14,1,Horror
2815804f-2d44-41c6-b51b-9af4a97ac381,Pet Sematary,10.56,14,3,Horror
6bf3d170-cf11-4a7c-badd-f290c994a624,Doctor Sleep (The Shining #2),40.12,14,2,Horror
ab319fb2-5dc3-4243-ad7d-8cff0ad7a4bd,Psycho: Sanitarium (Psycho #1.5),36.97,12,5,Horror
4fa0b8cf-4ba2-4892-be37-4ebfdfa77884,Can You Keep a Secret? (Fear Street Relaunch #4),48.64,12,1,Horror
d901d9ac-46fc-4a6b-9500-f6e9b3a4a497,Red Dragon (Hannibal Lecter #1),23.37,5,3,Horror
4c3f8ce4-853f-4690-9666-a9962ed1cfa5,Dracula the Un-Dead,35.63,5,5,Horror
54abe700-cd14-40f3-a449-e81a4016b897,Night Shift (Night Shift #1-20),12.75,4,4,Horror
c9a40a22-32e9-4721-a9c0-d83d8ad05b42,Needful Things,47.51,4,4,Horror
bc6690c8-13cb-482a-a605-8d87d5c1bf1f,Misery,34.79,4,2,Horror
001e504c-815a-418a-b7db-5cf1b2dc0d88,It,25.01,4,3,Horror
bef0b61a-e897-4552-ae2a-07cf623f5145,'Salem's Lot,49.56,4,4,Horror
f9c4f9bd-2dd9-47b0-8ebc-4b7cb3175c7d,The Stand,57.86,3,2,Horror
3bd9ab01-79f3-4a4b-8670-15708bb5deab,The Girl with All the Gifts,49.47,3,3,Horror
ffcc49d0-3ee5-4562-bd41-6bad3acad5f3,House of Leaves,54.89,3,1,Horror
afebbf3a-98bc-409a-a47f-b2262a12e509,Sapiens: A Brief History of Humankind,54.23,20,5,History
74b5780d-3aa0-4d7b-926f-efea64e5b00c,"Unbound: How Eight Technologies Made Us Human, Transformed Society, and Brought Our World to the Brink",25.52,16,1,History
c8d6c643-80a7-451a-9f2e-45c24b3f57ca,The Age of Genius: The Seventeenth Century and the Birth of the Modern Mind,19.73,16,1,History
8bbac557-c4a5-49c5-9b9c-9c2588e8cc60,"Political Suicide: Missteps, Peccadilloes, Bad Calls, Backroom Hijinx, Sordid Pasts, Rotten Breaks, and Just Plain Dumb Mistakes in the Annals of American Politics",36.28,16,2,History
bc92ba1f-ae97-4f0b-be22-9936cbde9272,Thomas Jefferson and the Tripoli Pirates: The Forgotten War That Changed American History,59.64,15,1,History
2a13b125-157a-49f2-a900-1e3e5c389760,Zealot: The Life and Times of Jesus of Nazareth,24.7,14,3,History
d71c7c1b-24cd-4168-9982-086dc28023b8,A Distant Mirror: The Calamitous 14th Century,14.58,14,3,History
d0d57b6c-fb27-4384-8f9a-562be223606f,1491: New Revelations of the Americas Before Columbus,21.8,14,3,History
316ff665-6f7f-44e5-b436-ba37b912de59,Brilliant Beacons: A History of the American Lighthouse,11.45,8,3,History
b0949229-8d90-473b-aec6-c88be12c2593,"""Most Blessed of the Patriarchs"": Thomas Jefferson and the Empire of the Imagination",44.48,8,5,History
dca2dff4-97da-4c5b-88e4-cb5c5e410abc,A Short History of Nearly Everything,52.4,7,5,History
20e3240d-bbc6-4c35-80df-2d0395072023,The Rise and Fall of the Third Reich: A History of Nazi Germany,39.67,6,2,History
51a904cc-3233-4c88-ad2b-7c9fdac5d73b,Catherine the Great: Portrait of a Woman,58.55,6,4,History
18328f17-76ab-4ab7-8ac3-60abe9340efd,The Mathews Men: Seven Brothers and the War Against Hitler's U-boats,42.91,5,5,History
af75a443-09c3-4a42-abd6-ed6851035a94,The Hiding Place,55.91,5,4,History
595e4a4d-f915-4407-90c5-6dc7ca3761ab,America's War for the Greater Middle East: A Military History,51.22,5,2,History
889225d3-1bf1-4e93-9baf-a8dc64bbbd3b,The Guns of August,14.54,3,2,History
0ca4a80e-b386-4b94-88c5-ded5d14d8dee,"House of Lost Worlds: Dinosaurs, Dynasties, and the Story of Life on Earth",43.7,3,2,History
201285cd-1b22-4da4-9fc1-f2cff11a56c6,"Foolproof Preserving: A Guide to Small Batch Jams, Jellies, Pickles, Condiments, and More: A Foolproof Guide to Making Small Batch Jams, Jellies, Pickles, Condiments, and More",30.52,19,3,Food and Drink
c08347db-0aab-4f48-8bc0-56cba749357f,"The Pioneer Woman Cooks: Dinnertime: Comfort Classics, Freezer Food, 16-Minute Meals, and Other Delicious Ways to Solve Supper!",56.41,16,1,Food and Drink
76360fff-dc8d-43a4-abdc-dc7c21ad53d5,My Paris Kitchen: Recipes and Stories,33.37,16,2,Food and Drink
4eec8af3-b85c-4e6c-9c89-c2e8f1885cf4,"Mama Tried: Traditional Italian Cooking for the Screwed, Crude, Vegan, and Tattooed",14.02,16,4,Food and Drink
f42de8ec-30cf-4b3f-b8fc-8f1366ad1a6a,"Layered: Baking, Building, and Styling Spectacular Cakes",40.11,16,1,Food and Drink
b183cec7-5301-4386-9c92-9048f506448a,The Nerdy Nummies Cookbook: Sweet Treats for the Geek in All of Us,37.34,15,5,Food and Drink
0ced50c0-0fc9-4f57-a65a-8effe06c5b87,The Love and Lemons Cookbook: An Apple-to-Zucchini Celebration of Impromptu Cooking,37.6,15,2,Food and Drink
a30b7fc8-e9b1-461d-a011-5a845703f456,The Cookies & Cups Cookbook: 125+ sweet & savory recipes reminding you to Always Eat Dessert First,41.25,15,1,Food and Drink
40e0bbaf-a3b4-4630-828e-de4d09eb78ed,"Deliciously Ella Every Day: Quick and Easy Recipes for Gluten-Free Snacks, Packed Lunches, and Simple Meals",42.16,15,3,Food and Drink
b1ee8a4b-5c3a-4f9c-9491-54c4698fdf78,The Help Yourself Cookbook for Kids: 60 Easy Plant-Based Recipes Kids Can Make to Stay Healthy and Save the Earth,28.77,14,3,Food and Drink
e01ec23c-29ea-4a73-83b3-33a91506d41e,"It's All Easy: Healthy, Delicious Weeknight Meals in under 30 Minutes",19.55,14,1,Food and Drink
fc97ddb0-6729-42d7-b937-545d6e279adc,Barefoot Contessa Back to Basics,28.01,14,1,Food and Drink
44e10735-109b-48c2-abd1-00cdc960a861,Barefoot Contessa at Home: Everyday Recipes You'll Make Over and Over Again,50.62,14,5,Food and Drink
b790cc95-32dc-404d-8112-5075199e499e,My Kitchen Year: 136 Recipes That Saved My Life,11.53,13,2,Food and Drink
37e011bf-e857-4ae4-86dd-9ba26f5298cc,Everyday Italian: 125 Simple and Delicious Recipes,20.1,12,5,Food and Drink
a77cb3a2-4b00-4597-ab96-64adb5e3837a,"A la Mode: 120 Recipes in 60 Pairings: Pies, Tarts, Cakes, Crisps, and More Topped with Ice Cream, Gelato, Frozen Custard, and More",38.77,12,1,Food and Drink
ba239709-9364-4e6c-9b69-64d1bc080cf7,Cravings: Recipes for What You Want to Eat,20.5,11,3,Food and Drink
1425c196-1917-416c-baa6-066d8ca1a341,"The Moosewood Cookbook: Recipes from Moosewood Restaurant, Ithaca, New York",12.34,9,4,Food and Drink
f023adc0-d7b8-4084-bb81-e00dbeae99f2,32 Yolks,53.63,8,2,Food and Drink
b466ecd1-c4c8-4c79-9547-8fc922b85de4,"Naturally Lean: 125 Nourishing Gluten-Free, Plant-Based Recipes--All Under 300 Calories",11.38,7,5,Food and Drink
d66e8174-df9e-40d8-a2d7-accaaa78c0b1,How to Cook Everything Vegetarian: Simple Meatless Recipes for Great Food (How to Cook Everything),46.01,7,4,Food and Drink
fd169134-9e74-4355-8fcd-e46e57e27827,How to Be a Domestic Goddess: Baking and the Art of Comfort Cooking,28.25,7,2,Food and Drink
a682f4f0-b07b-4212-a9df-f75e87215e63,The Barefoot Contessa Cookbook,59.92,6,5,Food and Drink
5d6b1787-243e-4a0a-9ab0-31ac0e03bf26,Better Homes and Gardens New Cook Book,39.61,6,3,Food and Drink
989824dd-9fec-4009-8a88-e695a06e63c2,The Power Greens Cookbook: 140 Delicious Superfood Recipes,11.05,5,5,Food and Drink
4f246fda-c0ac-48b3-b86f-19d879da34d6,Mexican Today: New and Rediscovered Recipes for Contemporary Kitchens,24.91,5,5,Food and Drink
5855a593-7bb6-4795-bb46-850681e04e9d,Vegan Vegetarian Omnivore: Dinner for Everyone at the Table,13.66,3,2,Food and Drink
8c0a15cb-67f6-4f91-a215-d385aff08877,The Smitten Kitchen Cookbook,23.59,3,1,Food and Drink
5a78c192-763a-44e9-b505-2559beaa30c4,"The Art of Simple Food: Notes, Lessons, and Recipes from a Delicious Revolution",34.32,3,3,Food and Drink
16ad53e8-4b34-4d4b-a103-3e22426f7746,Hungry Girl Clean & Hungry: Easy All-Natural Recipes for Healthy Eating in the Real World,33.14,3,3,Food and Drink
8e82a96a-8b10-498c-a870-af0369be1f59,Redeeming Love,20.47,15,5,Christian Fiction
eda478da-453a-44e6-8b73-adb9bef7872b,Close to You,49.46,15,4,Christian Fiction
27a17347-e48e-4748-af59-141c8794be79,Shadows of the Past (Logan Point #1),39.67,8,5,Christian Fiction
d9fad11a-6a1e-4b50-aa4d-1f3468e3280c,Like Never Before (Walker Family #2),28.77,7,2,Christian Fiction
565dcd11-e15d-4985-8526-0992f28ef1d6,Counted With the Stars (Out from Egypt #1),17.97,7,5,Christian Fiction
6bcd89a6-9a69-484f-a935-149b0521d540,If I Run (If I Run #1),49.97,3,4,Christian Fiction
13eafe92-6245-4b81-8de2-61b04be541f6,The Dirty Little Secrets of Getting Your Dream Job,33.34,19,4,Business
103c6614-43fe-4f64-bc78-5eb4a3c8b1ad,The Third Wave: An Entrepreneur’s Vision of the Future,12.61,15,5,Business
a60799e5-133d-49b4-bebf-2bbae3741d7c,The 10% Entrepreneur: Live Your Startup Dream Without Quitting Your Day Job,27.55,15,3,Business
c19a70d2-7a22-4718-becb-40c4d1a4131e,Shoe Dog: A Memoir by the Creator of NIKE,23.99,15,2,Business
9b531785-ea35-44ea-ba82-79e84e99a626,Made to Stick: Why Some Ideas Survive and Others Die,38.85,14,5,Business
83421e84-2790-43b5-8c00-bb4764349552,Quench Your Own Thirst: Business Lessons Learned Over a Beer or Two,43.14,12,1,Business
b4368187-e0c2-443f-b502-c0f642ef0bcf,The Art of Startup Fundraising,21.0,11,3,Business
cc740532-969a-4d87-8192-eb44cb69a189,Born for This: How to Find the Work You Were Meant to Do,21.59,11,5,Business
42145f88-19c6-4e7e-bd78-abdd0cc143d7,The E-Myth Revisited: Why Most Small Businesses Don't Work and What to Do About It,36.91,8,1,Business
6cd58af2-2adc-478a-9438-cf8bd21f52aa,"Rich Dad, Poor Dad",51.74,7,1,Business
82d1a54f-019b-4af3-b0bd-ac299a5fa909,The Lean Startup: How Today's Entrepreneurs Use Continuous Innovation to Create Radically Successful Businesses,33.92,3,3,Business
a8a74573-d87c-4ff1-9c6b-63784600393e,Rework,44.88,3,2,Business
61592038-341d-4c65-9309-a5c5f17ea8e8,Louisa: The Extraordinary Life of Mrs. Adams,16.85,15,2,Biography
2532089e-e18c-4279-a8e5-4519442bd66a,"Setting the World on Fire: The Brief, Astonishing Life of St. Catherine of Siena",21.15,11,2,Biography
9e2db777-2c16-4e0a-8b86-59b54c21eef1,The Faith of Christopher Hitchens: The Restless Soul of the World's Most Notorious Atheist,39.55,7,1,Biography
71f278d9-a26d-4b1c-8cdf-de87153da5e2,Benjamin Franklin: An American Life,48.19,7,3,Biography
c2aa0984-c5e6-432b-8a92-494d8856984b,The Rise of Theodore Roosevelt (Theodore Roosevelt #1),42.57,3,3,Biography
f22a64f1-16d2-416e-9f32-97fc143be832,In Her Wake,12.84,19,1,Thriller
1c8e0722-92d0-45bf-8254-b8b4897e6941,The Elephant Tree,23.82,18,5,Thriller
11a6d7c4-06b0-4278-b253-072071cafec5,Behind Closed Doors,52.22,18,4,Thriller
14c95e34-14bf-40dd-80f3-0b592801c86e,You (You #1),43.61,14,5,Thriller
47cead56-1c4b-4ab4-841d-242f8db5965f,The Guilty (Will Robie #4),13.82,14,2,Thriller
91aab29f-2967-45a0-ab7c-8914c58804b0,The 14th Colony (Cotton Malone #11),39.24,14,1,Thriller
bdc38ff5-064f-4d61-a69d-b5e853158d1c,Give It Back,18.32,6,2,Thriller
02e885b2-7151-4978-a608-ec84db4ed158,Killing Floor (Jack Reacher #1),31.49,5,4,Thriller
8f843ed7-3ee2-4698-b0cb-6fbd7e81bfa1,The Bone Hunters (Lexy Vaughan & Steven Macaulay #2),59.71,4,3,Thriller
3881c256-51fb-42f6-a112-d8fad01f0a5c,Far From True (Promise Falls Trilogy #2),34.93,4,2,Thriller
3f022b2b-2d89-4e63-97f6-bdf5561d1b6b,The Travelers,15.77,3,1,Thriller
579eb8d4-1a50-4622-9172-a7a3335fb836,When We Collided,31.77,16,1,Contemporary
33aa996b-bda7-4f1b-823a-78f181e07ae8,Someone Like You (The Harrisons #2),52.79,14,5,Contemporary
970ab059-34c1-426d-a00d-f397ca78e806,We Are All Completely Beside Ourselves,24.04,3,1,Contemporary
acc6c7da-1ece-4f8b-aa67-b06cfae9575a,The Four Agreements: A Practical Guide to Personal Freedom,17.66,18,5,Spirituality
2dcc0b11-465f-45f4-8995-666e113c2dc6,The Activist's Tao Te Ching: Ancient Advice for a Modern Revolution,32.24,16,5,Spirituality
77bf40b1-b0ab-41a9-aec5-9598969efe8f,Chasing Heaven: What Dying Taught Me About Living,37.8,15,2,Spirituality
43bb46e4-bc1c-401f-b2e1-1bf6cb042c58,If I Gave You God's Phone Number....: Searching for Spirituality in America,20.91,9,1,Spirituality
f69f88b6-ad62-4c0a-a394-b00908652fc6,Unreasonable Hope: Finding Faith in the God Who Brings Purpose to Your Pain,46.33,7,2,Spirituality
7aabfb67-68ee-48d6-a78b-2ddc5213b304,A New Earth: Awakening to Your Life's Purpose,55.65,4,5,Spirituality
9f18f753-c94e-4194-879b-ab3e8104c015,Logan Kade (Fallen Crest High #5.5),13.12,5,2,Academic
73cbe089-066e-4e51-b6b7-109d308dbc7f,Online Marketing for Busy Authors: A Step-By-Step Guide,46.35,16,1,Self Help
04732499-83f1-4e7d-bad4-075b1d074d02,How to Be Miserable: 40 Strategies You Already Use,46.03,16,1,Self Help
a7af6339-dcf5-4508-86a0-eb02f99ef56d,"Overload: How to Unplug, Unwind, and Unleash Yourself from the Pressure of Stress",52.15,14,3,Self Help
84f44edb-4890-4666-a888-cdd01b4f2b0d,You Are a Badass: How to Stop Doubting Your Greatness and Start Living an Awesome Life,12.08,7,3,Self Help
8dbf608c-24ef-4455-9c84-de753ce3a192,How to Stop Worrying and Start Living,46.49,6,5,Self Help
2d34caea-a29e-4178-8eea-0923b56e81d1,All the Light We Cannot See,29.87,14,5,Historical
899875bd-4353-4fcf-9176-31ebf43d9a29,The Girl You Left Behind (The Girl You Left Behind #1),15.79,6,1,Historical
3c2463f4-aeee-4536-84b9-0e26cc1300f5,(Un)Qualified: How God Uses Broken People to Do Big Things,54.0,16,5,Christian
76c49d1c-2d36-4927-83ed-3280ae20aaf8,Crazy Love: Overwhelmed by a Relentless God,47.72,14,2,Christian
10c57130-25ef-42c1-a9c8-7316b839ac9e,Blue Like Jazz: Nonreligious Thoughts on Christian Spirituality,25.77,7,1,Christian
dbc59862-f364-4730-b8b8-026f054977ea,Silence in the Dark (Logan Point #4),58.33,8,3,Suspense
0a589f4a-7c07-4b80-b1a1-bb57cbd817a2,The Grownup,35.88,8,1,Short Stories
24a98e3f-e5df-4ac8-9a9f-ee4d9b6342e3,Suzie Snowflake: One beautiful flake (a self-esteem story),54.81,9,5,Novels
68ae03c6-fc0a-4d0c-ae84-0db3ef5c9c5d,"The Bulletproof Diet: Lose up to a Pound a Day, Reclaim Energy and Focus, Upgrade Your Life",49.05,16,3,Health
c689d29b-882d-42f8-84c7-0440f0141c8d,"Eat Fat, Get Thin",54.07,14,2,Health
845b7af7-a351-46c2-9502-2fe6fdd2fac7,10-Day Green Smoothie Cleanse: Lose Up to 15 Pounds in 10 Days!,49.71,10,5,Health
d159c18a-7930-4265-af12-91b950d497a7,The Art and Science of Low Carbohydrate Living,52.98,9,5,Health
5943ca62-00ed-4af5-a698-809c3790366c,Libertarianism for Beginners,51.33,19,2,Politics
2b62ab47-fa4e-44e1-a4d4-38a5ec8505bb,Why the Right Went Wrong: Conservatism--From Goldwater to the Tea Party and Beyond,52.65,14,4,Politics
508e3c88-7956-40e9-b992-ccacfd431f97,Equal Is Unfair: America's Misguided Fight Against Income Inequality,56.86,12,1,Politics
43e153a9-9b51-4691-8934-a3b41a65dc46,Amid the Chaos,36.58,15,1,Cultural
f9ef6cda-ca92-4546-86b2-8650e63cc495,Dark Notes,19.19,15,5,Erotica
27928699-6268-45e2-b125-a2a4329223f5,The Long Shadow of Small Ghosts: Murder and Memory in an American City,10.97,15,1,Crime
